{"k": {"0 : 0.154961297936": {"activity__id__tilting": 0.0368016357273942, "activity__id__still": 0.035752819419379807, "activity__id__in_vehicle": 0.035449275501301156, "battery__plugged__Is plugged": 0.031960375151291673, "battery__health__Good": 0.029947692308303811, "location__place__20": 0.029901127069525021, "location__place__0": 0.029325974610639467, "battery__type__USB port": 0.02908605632572165, "notification__id__com.gunosy.android": 0.028423262567888397, "location__place__1": 0.027298784957380032, "time_hour_6_12": 0.025985126240113569, "time_hour_12_18": 0.024875712503463383, "time_hour_18_0": 0.023369507782546012, "notification__id__com.google.android.gm": 0.02331667599823822, "activity__id__in_bicycle": 0.022355776191498755, "appLaunch__id__jp.gocro.smartnews.android": 0.022280256463252979, "notification__id__com.newspicks": 0.021930798032261136, "appLaunch__id__com.sony.tvsideview.phone": 0.020192750870744125, "notification__id__com.news.rssfeedreader": 0.019665910144134942, "time_day_1": 0.019106861299126005}, "1 : 0.0677036854421": {"bluetoothSeen__device__GNSS_Receiver_JPC00119879": 0.041920099493863543, "bluetoothSeen__device__ ": 0.033648581806912353, "bluetoothSeen__device__JPC20113779": 0.032761123804217876, "bluetoothSeen__device__takamatsu Nexus 5": 0.030607747426657273, "bluetoothSeen__device__Xperia Z1 Compact_JPC20113787": 0.030418630252593705, "bluetoothSeen__device__GL07S\u3000takamatsu": 0.03023010058574075, "bluetoothSeen__device__other": 0.029974138492446338, "bluetoothSeen__device__JPC20113787": 0.028999598676187285, "bluetoothSeen__device__JPC20119436": 0.028646654720014673, "bluetoothSeen__device__JPC00133580": 0.028589098684802968, "bluetoothSeen__device__JPC20315716": 0.027866262715274207, "bluetoothSeen__device__JPC20121443": 0.027641650431232682, "bluetoothSeen__device__MATSUZAWA-DEV_dev-ubuntu-0": 0.027514770249837128, "location__place__1": -0.026225818515241934, "bluetoothSeen__device__Nexus 5": 0.025932826143060458, "bluetoothSeen__device__Nike+ FuelBand SE": 0.025049690581190494, "bluetoothSeen__device__JPC20146151": 0.024968469479846357, "bluetoothSeen__device__GNSS_Receiver": 0.023459525332194593, "location__place__20": -0.022105718370279588, "bluetoothSeen__device__JPC20138346": 0.020991233731372509}, "2 : 0.054136332813": {"battery__type__USB port": 0.050401064232212085, "battery__plugged__Is plugged": 0.045051547076453223, "location__place__0": 0.040894300981864924, "appLaunch__id__com.sony.tvsideview.phone": -0.034921515179103899, "appLaunch__id__jp.gocro.smartnews.android": -0.03388080466894982, "bluetoothSeen__device__other": -0.033074976816195034, "time_hour_6_12": -0.032471362083494389, "location__place__20": -0.031314502472203777, "notification__id__com.sony.tvsideview.phone": -0.029608954019010768, "time_hour_12_18": 0.029485807843020694, "appLaunch__id__com.sony.nfx.app.sfrc": -0.027866047528701726, "time_hour_18_0": 0.025354406219956126, "activity__id__still": 0.023081724555170685, "location__place__1": -0.02215663399572728, "location__place__2": -0.019581240627907202, "notification__id__com.news.rssfeedreader": -0.019040363074496715, "bluetoothSeen__device__GNSS_Receiver_JPC00119879": -0.0184014349226998, "notification__id__com.newspicks": -0.015973419612637763, "time_day_1": 0.015435990512453382, "bluetoothSeen__device__JPC20113779": -0.015314487954068812}, "3 : 0.0370288961315": {"time_hour_0_6": 0.074293439228296926, "battery__type__AC charger": 0.071868545768011369, "location__place__1": 0.068423495154926767, "time_day_6": 0.051266610716628386, "time_day_5": 0.040425761049078565, "activity__id__in_bicycle": -0.036892201181655759, "appLaunch__id__com.nike.plusgps": 0.032446649953240973, "activity__id__in_vehicle": -0.030745421111662563, "activity__id__on_foot": -0.024987263133103604, "location__place__0": -0.023346815357355635, "activity__id__tilting": -0.022868948315815436, "notification__id__com.sony.tvsideview.phone": -0.022268502179964862, "time_hour_6_12": -0.022045360384948313, "appLaunch__id__jp.gocro.smartnews.android": -0.020654236745006379, "appLaunch__id__com.sony.tvsideview.phone": -0.020305497230647136, "appLaunch__id__com.sony.sensing.has.activitypug": 0.019722681507688196, "battery__type__USB port": -0.019626724934677105, "battery__plugged__Is plugged": 0.018813820057705481, "appLaunch__id__com.sony.activityengine.app.fusedvehicledetectorapp": 0.018008116161929748, "notification__id__com.nike.plusgps": 0.015994523949622447}, "4 : 0.0338671198566": {"appLaunch__id__com.sony.sensing.has.activitypug": -0.075767554536914652, "appLaunch__id__com.sony.activityengine.app.fusedvehicledetectorapp": -0.068360375615933125, "appLaunch__id__jp.gocro.smartnews.android": -0.044170530211922313, "notification__id__com.gunosy.android": 0.041148810407643038, "notification__id__com.newspicks": 0.039021639711020704, "appLaunch__id__com.sony.nfx.app.sfrc": -0.037558371234735134, "battery__type__USB port": -0.034729740111768201, "notification__id__com.news.rssfeedreader": 0.034039808154612168, "appLaunch__id__com.sony.tvsideview.phone": -0.03284714988722312, "appLaunch__id__com.sonymobile.lifelog": -0.032478327760922646, "appLaunch__id__com.gunosy.android": -0.032050156671714666, "notification__id__com.google.android.gm": 0.029858651164496819, "activity__id__in_bicycle": 0.026359917435940967, "battery__plugged__Is plugged": -0.02536879068194451, "notification__id__com.sony.tvsideview.phone": 0.024514634302099783, "activity__id__still": 0.022927088493638812, "location__place__0": -0.021040788665126226, "activity__id__on_foot": 0.020983790623950595, "activity__id__tilting": 0.02017608363477574, "activity__id__in_vehicle": 0.019738064082913512}}}