{"k": {"0 : 0.303483304481": {"battery__health__Good": -0.093786717613768694, "activity__id__still": -0.064960342467193191, "location__place__0": -0.063007386603603041, "battery__plugged__Is plugged": -0.05810200544740507, "battery__type__USB port": -0.048255312874469082, "activity__id__tilting": -0.046209161623806352, "time_hour_18_0": -0.043944451929567717, "time_hour_12_18": -0.043046240976638249, "activity__id__in_vehicle": -0.041885167995234396, "notification__id__com.gunosy.android": -0.031073441187233704, "location__place__20": -0.027704388826874784, "location__place__1": -0.02720068852953713, "notification__id__com.google.android.gm": -0.024308401933564178, "time_day_1": -0.021391681643983869, "time_day_2": -0.021258234561097506, "time_hour_6_12": -0.021191458520400473, "time_day_4": -0.020815012778472752, "time_day_0": -0.019350716881172212, "time_day_3": -0.01819286187056661, "notification__id__com.newspicks": -0.015876813079496357}, "1 : 0.078022452433": {"location__place__0": -0.07354409655980472, "location__place__20": 0.071852469476334613, "battery__type__USB port": -0.070561835227318362, "location__place__1": 0.067287852060191944, "battery__plugged__Is plugged": -0.055668717533572734, "time_hour_6_12": 0.047870761210491476, "time_hour_12_18": -0.044484043859294435, "notification__id__com.news.rssfeedreader": 0.035745320921830318, "activity__id__tilting": 0.034742048651780336, "appLaunch__id__jp.gocro.smartnews.android": 0.032524098652145249, "notification__id__com.newspicks": 0.032475598934659199, "notification__id__com.gunosy.android": 0.029468580955900076, "appLaunch__id__com.sony.tvsideview.phone": 0.029371091204937794, "notification__id__com.sony.tvsideview.phone": 0.02724231580016542, "activity__id__in_vehicle": 0.025435468151219755, "time_day_5": 0.021790820720455972, "time_hour_0_6": 0.020796605204585338, "time_day_6": 0.018752595206243925, "activity__id__in_bicycle": 0.01864468705036039, "appLaunch__id__com.sony.nfx.app.sfrc": 0.017189781185734242}, "2 : 0.0523708448555": {"time_hour_18_0": 0.20631733804884514, "time_hour_12_18": -0.12374905760647945, "activity__id__in_vehicle": -0.064416190513641378, "activity__id__tilting": -0.060847594615091878, "time_hour_6_12": -0.037962436175750458, "notification__id__com.gunosy.android": 0.035421053620492866, "activity__id__in_bicycle": -0.027235703335127318, "battery__health__Good": 0.0247320008190988, "appLaunch__id__jp.gocro.smartnews.android": -0.023272039057246428, "appLaunch__id__com.sony.tvsideview.phone": -0.020868405893171359, "notification__id__com.otolatte": 0.019948451369002671, "activity__id__on_foot": -0.019924460249781839, "location__place__20": -0.019151329749670577, "battery__type__USB port": -0.018250205410433519, "bluetoothSeen__device__other": -0.01610096327400851, "location__place__1": 0.015137079841580794, "battery__type__AC charger": 0.014613590118679784, "time_day_6": 0.013626322278882335, "appLaunch__id__com.gunosy.android": -0.013291957855859347, "notification__id__com.sony.tvsideview.phone": -0.012741388575786943}, "3 : 0.0422070393132": {"location__place__1": -0.096301624191651114, "battery__plugged__Is plugged": -0.075121298198193465, "time_hour_0_6": -0.069829527841087188, "battery__type__AC charger": -0.06181055218291643, "activity__id__tilting": 0.059726672600852959, "activity__id__in_vehicle": 0.055817120324729151, "location__place__0": 0.054253361353980643, "battery__health__Good": -0.045990724870462886, "time_hour_18_0": 0.040083675019660182, "notification__id__com.gunosy.android": 0.037405602911869874, "time_day_6": -0.032732128541731922, "time_day_5": -0.027676603685834543, "activity__id__in_bicycle": 0.025175368029533064, "location__place__20": 0.023551910664164032, "activity__id__on_foot": 0.02229432954164428, "activity__id__still": 0.021367020696051328, "appLaunch__id__com.sony.sensing.has.activitypug": -0.019503628616948467, "time_hour_12_18": -0.018946986896812651, "appLaunch__id__com.sony.activityengine.app.fusedvehicledetectorapp": -0.016319996531675231, "battery__type__USB port": -0.016195397993963273}, "4 : 0.0355839246756": {"time_hour_12_18": 0.13753501627645986, "battery__plugged__Is plugged": -0.095021710116861516, "battery__type__USB port": -0.084703487250065143, "time_hour_6_12": -0.070626143816886908, "notification__id__com.google.android.gm": 0.061729920152557877, "activity__id__in_vehicle": -0.045250340446783791, "time_day_5": 0.04132568822096553, "notification__id__com.gunosy.android": 0.037997560771697407, "activity__id__tilting": -0.037593008673612177, "time_day_6": 0.029370778026539996, "activity__id__still": 0.028653631098885107, "battery__health__Good": 0.022653790623710857, "time_day_4": 0.021783240258031238, "location__place__0": 0.021215852096301217, "appLaunch__id__com.sony.tvsideview.phone": -0.019971021513598416, "appLaunch__id__jp.gocro.smartnews.android": -0.019362950820527226, "notification__id__com.sony.tvsideview.phone": -0.014935538379380671, "battery__type__AC charger": -0.012023642587682645, "activity__id__in_bicycle": -0.011605882386255019, "time_hour_18_0": 0.010881430653197365}}}