{"k": {"0 : 0.220344346811": {"activity__id__still": -0.05280433075960822, "battery__plugged__Is plugged": -0.04875161050373996, "activity__id__tilting": -0.04795986408803591, "location__place__0": -0.046077508155256575, "activity__id__in_vehicle": -0.045271506607843778, "battery__type__USB port": -0.043799019143977116, "time_hour_12_18": -0.036910458545711657, "time_hour_18_0": -0.035260808253500919, "notification__id__com.gunosy.android": -0.034398673299747183, "battery__health__Good": -0.034158758955845525, "location__place__20": -0.032805435566189117, "location__place__1": -0.030243041213622156, "notification__id__com.google.android.gm": -0.028079262252824443, "time_hour_6_12": -0.026567207321787464, "time_day_1": -0.023004781300301477, "time_day_2": -0.022822747989838979, "time_day_4": -0.02222366675424715, "time_day_0": -0.021212692640575823, "notification__id__com.newspicks": -0.021064491316198908, "time_day_3": -0.019838864035842858}, "1 : 0.0771087343123": {"battery__type__USB port": -0.073491519408186379, "location__place__20": 0.063769034806427802, "location__place__0": -0.062887346563151841, "location__place__1": 0.059774134413518455, "battery__plugged__Is plugged": -0.056801157390917234, "time_hour_6_12": 0.049138877262230186, "time_hour_12_18": -0.043086159253898561, "notification__id__com.news.rssfeedreader": 0.037203504953852835, "appLaunch__id__jp.gocro.smartnews.android": 0.036797093015486941, "appLaunch__id__com.sony.tvsideview.phone": 0.034527465568469938, "notification__id__com.newspicks": 0.032495142702857645, "notification__id__com.sony.tvsideview.phone": 0.031482046944280494, "appLaunch__id__com.sony.nfx.app.sfrc": 0.021202501519619117, "time_day_5": 0.020237334695091209, "notification__id__com.gunosy.android": 0.019888106382011272, "time_hour_0_6": 0.018959847633042943, "activity__id__tilting": 0.017671038348813763, "activity__id__in_bicycle": 0.017506151794724211, "time_day_6": 0.017447990195069801, "location__place__2": 0.015397172117172665}, "2 : 0.0456575901519": {"time_hour_18_0": -0.06982780957081261, "location__place__1": -0.068349567592011995, "battery__type__AC charger": -0.055467291521984985, "time_hour_0_6": -0.055356913521520765, "activity__id__in_vehicle": 0.050824324257695307, "activity__id__tilting": 0.046169784885176549, "time_day_6": -0.037629049267711059, "time_hour_6_12": 0.034732028465174238, "battery__plugged__Is plugged": -0.031811529684883835, "time_day_5": -0.031130651846408234, "activity__id__in_bicycle": 0.030933081856672272, "time_hour_12_18": 0.028247122102223653, "appLaunch__id__jp.gocro.smartnews.android": 0.026124265013377966, "location__place__20": 0.024311567009547824, "activity__id__on_foot": 0.024093330825446728, "bluetoothSeen__device__other": 0.022491843809660562, "appLaunch__id__com.sony.tvsideview.phone": 0.021468512071282964, "notification__id__com.google.android.gm": -0.018932459704191308, "battery__health__Good": -0.015260310720349942, "appLaunch__id__com.gunosy.android": 0.014269001840980048}, "3 : 0.0407146017235": {"time_hour_18_0": 0.13052143966454299, "time_hour_0_6": -0.080886870926405049, "notification__id__com.gunosy.android": 0.080257583809817831, "time_hour_12_18": -0.070094382087977136, "location__place__1": -0.057241217381894131, "battery__plugged__Is plugged": -0.050721534923076413, "battery__type__AC charger": -0.043709232797116894, "notification__id__com.newspicks": 0.042887777471478705, "location__place__0": 0.027588588704922073, "notification__id__com.otolatte": 0.026285884579551517, "time_day_0": 0.023501432180102637, "battery__type__USB port": -0.021680721233590383, "appLaunch__id__com.sony.sensing.has.activitypug": -0.019720633472761449, "activity__id__still": 0.019660293920459194, "time_day_5": -0.017924747076896303, "appLaunch__id__com.nike.plusgps": -0.017156762380927417, "appLaunch__id__com.sony.activityengine.app.fusedvehicledetectorapp": -0.017008468176338578, "time_day_3": 0.015969843079669463, "time_day_6": -0.014125891754837696, "appLaunch__id__jp.gocro.smartnews.android": -0.012698281813799766}, "4 : 0.0351724150906": {"time_hour_6_12": -0.082512996740584557, "notification__id__com.google.android.gm": 0.049938370653263842, "time_hour_12_18": 0.049112569355175488, "battery__type__USB port": -0.048999982641391139, "activity__id__tilting": 0.048729574672791376, "battery__plugged__Is plugged": -0.046736501193041909, "activity__id__in_vehicle": 0.044111070075579691, "appLaunch__id__jp.gocro.smartnews.android": -0.039136428577151265, "appLaunch__id__com.sony.sensing.has.activitypug": -0.03825412826995947, "appLaunch__id__com.sony.tvsideview.phone": -0.0368911886228942, "time_day_3": -0.033663014331507965, "activity__id__still": 0.032735199780893065, "time_day_5": 0.032072516886188882, "activity__id__on_foot": 0.030474526659029888, "appLaunch__id__com.sony.activityengine.app.fusedvehicledetectorapp": -0.029649204075741828, "appLaunch__id__com.sony.nfx.app.sfrc": -0.024501688670562613, "time_hour_0_6": 0.021883831666596163, "time_day_1": -0.021006644412487063, "notification__id__com.gunosy.android": 0.020907777803373207, "activity__id__in_bicycle": 0.020455661282584844}}}