{"k": {"0 : 0.261341323065": {"notification__id__com.google.android.gms": -0.09053339483795847, "battery__health__Good": -0.087446897128090173, "location__place__0": -0.050305421958891497, "battery__plugged__Is plugged": -0.044730403895453477, "time_hour_18_0": -0.043083242917521677, "time_hour_12_18": -0.042192647955032303, "battery__type__USB port": -0.035941637776362723, "activity__id__still": -0.035517912095475612, "activity__id__walking": -0.034412480982470163, "notification__id__android": -0.033173404002027333, "time_hour_6_12": -0.026333168818788357, "notification__id__com.gunosy.android": -0.024750908499070256, "location__place__20": -0.023088216780630492, "location__place__1": -0.022241246227198998, "time_day_2": -0.021376166142870117, "time_day_1": -0.021343122807274486, "notification__id__com.google.android.gm": -0.021003149545638901, "time_hour_0_6": -0.02095327744576355, "time_day_4": -0.020915423258707783, "time_day_3": -0.019927761013651707}, "1 : 0.0698536286576": {"time_hour_0_6": 0.11156584977641069, "time_hour_6_12": 0.094648078194344093, "location__place__0": -0.072457527510710315, "notification__id__com.google.android.gms": 0.066001836744735656, "battery__type__USB port": -0.064092166686899113, "battery__plugged__Is plugged": -0.05694825375446641, "time_hour_12_18": -0.053550770806664399, "battery__health__Good": -0.045024734335169007, "time_day_6": 0.038467342786815718, "time_day_5": 0.038225692565969811, "location__place__1": 0.028181621732511743, "location__place__20": 0.025393168312812197, "notification__id__com.news.rssfeedreader": 0.022188869441903694, "time_day_3": 0.017929667837178073, "time_day_0": 0.013178493452271256, "notification__id__com.newspicks": 0.013154670457533695, "time_day_4": 0.012909453155083924, "time_hour_18_0": -0.0126187977509837, "activity__id__walking": -0.011697451328307792, "notification__id__com.sony.tvsideview.phone": 0.011123119888183236}, "2 : 0.0564489973749": {"time_hour_0_6": -0.16378079241190685, "time_hour_6_12": 0.13647308688381052, "time_hour_12_18": -0.076910000093259309, "location__place__20": 0.042033551891539914, "notification__id__com.google.android.gms": -0.02981514138033485, "time_hour_18_0": 0.028900391408099822, "notification__id__com.gunosy.android": 0.02766541685853318, "activity__id__still": 0.025744382632545249, "notification__id__com.newspicks": 0.024431161893998288, "appLaunch__id__jp.gocro.smartnews.android": 0.02403079578289118, "activity__id__walking": 0.022522635015998802, "appLaunch__id__com.sony.tvsideview.phone": 0.022244187138607176, "notification__id__com.sony.tvsideview.phone": 0.021684622004191377, "location__place__1": 0.020703359887507284, "activity__id__in_train": 0.019822279587005255, "battery__health__Good": 0.017147189062261901, "battery__plugged__Is plugged": -0.015179520418609064, "notification__id__com.news.rssfeedreader": 0.014988069717512606, "notification__id__android": 0.01330233828856808, "appLaunch__id__com.sony.nfx.app.sfrc": 0.013261103732900804}, "3 : 0.0540355943072": {"time_hour_18_0": 0.25874372532376066, "time_hour_12_18": -0.19715795533731292, "time_hour_6_12": -0.13500649060471379, "time_hour_0_6": 0.028971395371082242, "notification__id__com.gunosy.android": 0.026983803894320427, "battery__type__USB port": -0.020394107927476226, "activity__id__walking": -0.017115459770760205, "battery__health__Good": 0.016532172727015758, "location__place__1": 0.015063286170063542, "notification__id__com.otolatte": 0.013575445814573825, "notification__id__com.google.android.gms": 0.01347127979221624, "battery__type__AC charger": 0.011497679936386205, "appLaunch__id__com.sony.tvsideview.phone": -0.011279743962386329, "appLaunch__id__jp.gocro.smartnews.android": -0.010686611413741266, "notification__id__android": -0.010163581370528196, "time_day_2": -0.0098192452103094234, "time_day_0": -0.0096356018984551529, "battery__plugged__Is plugged": -0.0088964279910901788, "bluetoothSeen__device__other": -0.008730279195337233, "time_day_1": -0.0087128602516659617}, "4 : 0.0442650442611": {"time_hour_6_12": -0.085609019426794261, "notification__id__com.google.android.gms": 0.058715101990139608, "battery__plugged__Is plugged": -0.055224755398662076, "battery__type__USB port": -0.052272202639654236, "time_hour_0_6": -0.05172840473165586, "time_hour_12_18": 0.051569880334528626, "notification__id__android": 0.045795891943379352, "location__place__0": -0.044820577013315578, "activity__id__still": 0.035351542990041583, "location__place__20": 0.033713155098626969, "time_day_1": -0.031497994758871758, "activity__id__walking": 0.027198851829880921, "time_day_2": -0.026765409908900587, "battery__health__Good": -0.026161042641750756, "time_day_0": -0.024173198257128121, "notification__id__com.google.android.gm": 0.022708947882783593, "notification__id__com.gunosy.android": 0.021515453212816664, "time_day_4": -0.017597711326675178, "notification__id__com.newspicks": 0.017196086021572837, "notification__id__mobi.infolife.ezweather": 0.01676183316147661}}}