{"k": {"0 : 0.351043681791": {"location__place__710": 0.0003314951395256861, "location__place__688": 0.0003314951395256861, "location__place__689": 0.0003314951395256861, "location__place__680": 0.0003314951395256861, "location__place__681": 0.0003314951395256861, "location__place__682": 0.0003314951395256861, "location__place__683": 0.0003314951395256861, "location__place__684": 0.0003314951395256861, "location__place__685": 0.0003314951395256861, "location__place__686": 0.0003314951395256861, "location__place__687": 0.0003314951395256861, "location__place__699": 0.0003314951395256861, "location__place__698": 0.0003314951395256861, "location__place__693": 0.0003314951395256861, "location__place__692": 0.0003314951395256861, "location__place__691": 0.0003314951395256861, "location__place__690": 0.0003314951395256861, "location__place__697": 0.0003314951395256861, "location__place__696": 0.0003314951395256861, "location__place__695": 0.0003314951395256861}, "1 : 0.036081666092": {"notification__id__com.sonymobile.app.powerpredict": -0.014089762212549194, "notification__id__com.roidapp.photogrid": -0.014085272755113931, "notification__id__net.zmap.nxcapp.drvplz": -0.014085010881746424, "notification__id__com.sony.voyagent.mixs.packager201502": -0.014084903637825903, "notification__id__com.sony.sensing.has.activitypug": -0.014084784374790205, "notification__id__jp.co.yahoo.android.apps.navi": -0.014084386341772129, "notification__id__gov.bbg.voa": -0.014081678468956775, "notification__id__com.android.shell": -0.014080823322239977, "notification__id__com.google.android.apps.maps": -0.014079932783895225, "notification__id__com.twitter.android": -0.014078033937564894, "notification__id__com.android.chrome": -0.014074954980270655, "notification__id__com.google.android.music": -0.014073723381967313, "notification__id__com.google.android.apps.plus": -0.014072135086261093, "notification__id__com.nprpodcastplayer.app": -0.014071015707965737, "notification__id__com.protogeo.moves": -0.014066054265113813, "notification__id__wni.WeathernewsTouch.jp": -0.014064523292545561, "notification__id__org.redidea.voicetube": -0.014059040114322617, "notification__id__com.kohei.android.pcmrecorder": -0.014057119333122705, "notification__id__com.sony.nfx.app.sfrc": -0.014056369135002404, "notification__id__com.google.android.deskclock": -0.01405040203942722}, "2 : 0.0293804420802": {"appLaunch__id__jp.co.jreast": -0.0024777868158737874, "appLaunch__id__com.roidapp.photogrid": -0.0024777868158737874, "appLaunch__id__com.google.android.apps.plus": -0.0024777868158737874, "appLaunch__id__org.adw.launcher": -0.0024768514050784026, "appLaunch__id__com.gau.go.launcherex": -0.0024768514050784026, "appLaunch__id__ginlemon.flowerfree": -0.0024768514050784026, "appLaunch__id__com.google.android.launcher": -0.0024768514050784026, "appLaunch__id__com.sony.nfx.app.sfrcsetting": -0.002476706499276087, "appLaunch__id__com.sony.voyagent.basyamichi.app": -0.0024760073957716443, "appLaunch__id__jp.co.yahoo.android.apps.navi": -0.0024759209818653047, "appLaunch__id__org.chrysaor.android.gas_station": -0.0024759209818653047, "appLaunch__id__org.redidea.voicetube": -0.0024758839421077654, "appLaunch__id__com.adobe.reader": -0.0024758212296781073, "appLaunch__id__com.google.android.calendar": -0.0024757667908631015, "appLaunch__id__com.google.android.googlequicksearchbox": -0.0024756920281014633, "appLaunch__id__com.tul.aviate": -0.0024753572785186683, "appLaunch__id__com.coverscreen.cover": -0.0024748483534337748, "appLaunch__id__com.twitter.android": -0.002473317817561185, "appLaunch__id__com.otolatte": -0.0024730951573611235, "appLaunch__id__com.sony.voyagent.mixs.mixslockscreen.internal.test": -0.002472893752212494}, "3 : 0.0252972882188": {"appLaunch__id__com.sony.voyagent.mixs.rawdatalogger": -0.0059577585686561314, "appLaunch__id__com.lx.launcher8": -0.0059532920556463345, "appLaunch__id__jp.co.proto.popsnow": -0.0059381768994229587, "appLaunch__id__jp.co.jreast": -0.0059357801768129678, "appLaunch__id__com.roidapp.photogrid": -0.0059357801768129678, "appLaunch__id__com.google.android.apps.plus": -0.0059357801768129678, "appLaunch__id__com.sony.nfx.app.sfrcsetting": -0.0059328788122922282, "appLaunch__id__org.adw.launcher": -0.0059326654398673372, "appLaunch__id__com.gau.go.launcherex": -0.0059326654398673372, "appLaunch__id__ginlemon.flowerfree": -0.0059326654398673372, "appLaunch__id__com.google.android.launcher": -0.0059326654398673372, "appLaunch__id__com.sony.voyagent.mixs.launcher2": -0.0059312732007594194, "appLaunch__id__com.sony.voyagent.basyamichi.app": -0.0059301580818621764, "appLaunch__id__org.redidea.voicetube": -0.0059300231564063987, "appLaunch__id__com.adobe.reader": -0.0059297893536859898, "appLaunch__id__jp.co.yahoo.android.apps.navi": -0.0059297592515422859, "appLaunch__id__org.chrysaor.android.gas_station": -0.0059297592515422859, "appLaunch__id__com.google.android.calendar": -0.0059296920450319169, "appLaunch__id__com.google.android.googlequicksearchbox": -0.0059292327333613356, "appLaunch__id__com.tul.aviate": -0.0059285184684678147}, "4 : 0.00976255979199": {"battery__type__USB port": 0.075274065693114081, "location__place__2017": 0.071294252552431742, "battery__plugged__Is plugged": 0.059837172730202719, "location__place__1987": -0.058254897416709611, "battery__type__AC charger": -0.019915073526261692, "activity__id__in_train": -0.019843102259257332, "activity__id__running": -0.014632772598144928, "notification__id__com.news.rssfeedreader": -0.014610982496590869, "activity__id__in_bus": -0.014456459425643216, "activity__id__in_bicycle": -0.01407019190510461, "notification__id__com.gunosy.android": -0.012904217656706733, "activity__id__jumping": -0.012113377645031488, "notification__id__com.newspicks": -0.012099347347283221, "notification__id__mobi.infolife.ezweather": 0.012078762847574916, "notification__id__android": 0.011485052085681142, "activity__id__in_car": -0.011435294935404348, "activity__id__walking": 0.011415518194414375, "appLaunch__id__com.sony.tvsideview.phone": -0.0097438813007431086, "notification__id__com.sony.tvsideview.phone": -0.0097293569037996252, "appLaunch__id__jp.gocro.smartnews.android": -0.0089417603918393145}}}