{"k": {"0 : 0.0848891481287": {"time_day_2": 0.99962704563530658, "notification__id__com.sonyericsson.music": 0.99911721594695824, "time_day_5": 0.99884790176401306, "time_hour_9_16": 0.99695909880991351, "appLaunch__id__com.sonyericsson.music": 0.96353951795908921, "location__place__0": 0.78987326190994978, "appLaunch__id__org.mozilla.firefox": 0.38793313587052813, "notification__id__jp.co.yahoo.android.apps.map": 0.36455209301763586, "activity__id__still": 0.2507630949516107, "activity__id__tilting": 0.18786963863983472, "notification__id__other": 0.16282007025234238, "appLaunch__id__com.sonyericsson.album": 0.15260067611955691, "location__place__2": 0.087271815046900514, "appLaunch__id__com.sony.activityengine.app.fusedvehicledetectorapp": 0.0858960069607341, "appLaunch__id__com.sony.sensing.has.activitypug": 0.08071799758715606, "time_day_3": 0.078904118878178747, "bluetoothPaired__device__JPC00133580": 0.063017797459471725, "notification__id__jp.co.fusioncom.smartalk.android": 0.055084051073754449, "appLaunch__id__com.google.android.keep": 0.048719956983604186, "bluetoothPaired__device__JPC00134294": 0.048689650847986557}, "1 : 0.0979232409352": {"time_day_4": 0.99992792660071694, "time_day_1": 0.99986571182716999, "time_hour_0_9": 0.99965453755484468, "location__place__1": 0.97949167640925494, "notification__id__com.sonyericsson.extras.liveware": 0.66576735956213318, "appLaunch__id__com.nianticproject.ingress": 0.41306041763487872, "activity__id__still": 0.19090582968012543, "activity__id__on_foot": 0.14649731821326198, "location__place__2": 0.13942640604043327, "activity__id__in_vehicle": 0.13081788778052419, "appLaunch__id__com.google.android.gm": 0.093859565758715374, "appLaunch__id__jp.co.yahoo.android.apps.map": 0.077169207289642966, "activity__id__tilting": 0.076642236392024624, "appLaunch__id__com.android.chrome": 0.069444367292982728, "notification__id__com.google.android.apps.fitness": 0.067685823930495784, "appLaunch__id__org.mozilla.firefox": 0.063754253048244974, "appLaunch__id__jp.co.fusioncom.smartalk.android": 0.053679860414559501, "bluetoothPaired__device__ _JPC20138346_Gear 2 (4102)": 0.043731865632298951, "location__place__18": 0.037408597695659948, "appLaunch__id__com.sonyericsson.album": 0.036454757506618508}, "2 : 0.102875017013": {"time_day_0": 0.99963954536227573, "time_day_1": 0.9956298432173063, "time_hour_16_0": 0.99271378737961058, "location__place__0": 0.93245484611719043, "appLaunch__id__other": 0.52654169863216282, "notification__id__com.google.android.gm": 0.44112042003542429, "notification__id__com.android.calendar": 0.33735695376086267, "appLaunch__id__com.google.android.gm": 0.32953841784625398, "activity__id__tilting": 0.22605936034814825, "activity__id__still": 0.22595825846851889, "appLaunch__id__org.mozilla.firefox": 0.19133571328508944, "notification__id__jp.gocro.smartnews.android": 0.1672354728707498, "appLaunch__id__com.sonymobile.lifelog": 0.11318140417131345, "location__place__3": 0.083340618601852018, "notification__id__jp.co.fusioncom.smartalk.android": 0.079953363821184717, "activity__id__on_foot": 0.07528161993960758, "notification__id__jp.co.yahoo.android.emg": 0.058243740843751932, "appLaunch__id__com.android.settings": 0.055549332246386585, "notification__id__jp.naver.line.android": 0.049001560460738641, "location__place__2": 0.048874755554793071}, "3 : 0.105259302051": {"time_day_6": 0.99992912654311872, "location__place__1": 0.99825498293883808, "time_hour_9_16": 0.99506279931905239, "time_day_0": 0.99470080834423413, "appLaunch__id__com.nianticproject.ingress": 0.50641606362637759, "location__place__20": 0.29024105661732857, "activity__id__still": 0.21534176760116405, "activity__id__tilting": 0.16011681025445354, "appLaunch__id__com.sony.activityengine.app.fusedvehicledetectorapp": 0.10564218037012352, "appLaunch__id__org.mozilla.firefox": 0.09094380391253519, "appLaunch__id__com.sony.sensing.has.activitypug": 0.086443356910642505, "appLaunch__id__com.google.android.gm": 0.079622235531189675, "activity__id__in_vehicle": 0.073883277041285639, "appLaunch__id__jp.co.fusioncom.smartalk.android": 0.055197853105480962, "appLaunch__id__com.google.android.apps.maps": 0.053778238766348178, "notification__id__jp.co.yahoo.android.apps.map": 0.053564248103996882, "notification__id__other": 0.049679230352742861, "notification__id__jp.vviki.android.SysLoadLogger": 0.049121491541816047, "location__place__9": 0.045464133742964999, "bluetoothPaired__device__JPC20133381": 0.044698426165692369}, "4 : 0.106313872104": {"time_hour_0_9": 0.99990987765052053, "time_day_3": 0.99946471247852298, "time_day_5": 0.99880220434601541, "notification__id__com.sonyericsson.extras.liveware": 0.99702785515091852, "location__place__1": 0.49516419817609714, "activity__id__still": 0.11646270254700009, "notification__id__com.google.android.gm": 0.056739938272053876, "notification__id__jp.naver.line.android": 0.050681125698326904, "notification__id__com.amazon.venezia": 0.044306854116387615, "appLaunch__id__com.google.android.keep": 0.042643542885203431, "appLaunch__id__com.sony.voyagent.mixs.launcher2": 0.041348520736354977, "appLaunch__id__org.mozilla.firefox": 0.040336499122092043, "notification__id__jp.vviki.android.SysLoadLogger": 0.036916126020084178, "appLaunch__id__com.sonymobile.lifelog": 0.03688963261450702, "bluetoothPaired__device__Nexus 5_takamatsu Nexus 5": 0.034702130308028357, "bluetoothPaired__device__JPC00085965": 0.031804613209770606, "notification__id__com.google.android.apps.inbox": 0.030906060897335639, "appLaunch__id__com.google.android.apps.maps": 0.030033608865569474, "appLaunch__id__com.sony.voyagent.mixs.mixswear": 0.030026544677051591, "location__place__16": 0.02819360162922219}, "5 : 0.10488164729": {"time_day_2": 0.99909168029872586, "time_day_4": 0.99735001690163028, "time_hour_16_0": 0.99299957608932565, "notification__id__com.android.calendar": 0.99127678698795318, "location__place__0": 0.44871587501252974, "notification__id__com.google.android.gm": 0.32752454488844535, "appLaunch__id__com.google.android.gm": 0.21951048205137827, "activity__id__tilting": 0.12409603025777374, "activity__id__still": 0.11473756877472779, "location__place__3": 0.095950758666729488, "notification__id__jp.gocro.smartnews.android": 0.087590597729885047, "notification__id__com.google.android.apps.inbox": 0.080086935422202771, "appLaunch__id__com.sony.voyagent.mixs.mixswear": 0.075420188837208219, "appLaunch__id__org.mozilla.firefox": 0.069957559226313026, "location__place__2": 0.068792612962169153, "appLaunch__id__com.android.vending": 0.06197121560873662, "notification__id__com.google.android.apps.fitness": 0.055396220640266544, "activity__id__in_vehicle": 0.054614440182469207, "location__place__12": 0.051215417085004745, "activity__id__on_foot": 0.047253055835691386}, "6 : 0.0887195031973": {"time_day_0": 0.9999631586596881, "time_hour_0_9": 0.99958128711913341, "time_day_2": 0.99840612036528054, "notification__id__com.facebook.katana": 0.99804821970667446, "bluetoothPaired__device__other": 0.99706396797167551, "notification__id__com.sonyericsson.extras.liveware": 0.99249268579418071, "appLaunch__id__com.google.android.wearable.app": 0.98283699818313508, "location__place__1": 0.29844000652438729, "activity__id__still": 0.11074022403238555, "activity__id__tilting": 0.087440991963270681, "appLaunch__id__com.google.android.keep": 0.085985227760416449, "location__place__2": 0.074677883904324116, "activity__id__on_foot": 0.059627786287201751, "appLaunch__id__com.sonyericsson.album": 0.059437326686998505, "time_day_6": 0.057962080583953308, "notification__id__jp.co.yahoo.android.apps.map": 0.054489117031958814, "appLaunch__id__com.nianticproject.ingress": 0.053981912796077149, "appLaunch__id__com.android.vending": 0.052999966041106343, "time_day_3": 0.050554257898972998, "appLaunch__id__com.sony.activityengine.app.fusedvehicledetectorapp": 0.048316332612632927}, "7 : 0.0970662335886": {"time_hour_9_16": 0.99999319038427359,