{"k": {"0 : 0.100133626891": {"time_day_4": 0.99975579405177661, "time_day_1": 0.9975308402379639, "time_hour_9_16": 0.99295742349623306, "location__place__0": 0.98314061395019015, "notification__id__com.sonymobile.lifelog": 0.46788251246786033, "time_hour_0_9": 0.23293081715940481, "activity__id__in_vehicle": 0.19104325220784441, "appLaunch__id__other": 0.16220476854677743, "notification__id__com.sony.tvsideview.phone": 0.15176100753531596, "appLaunch__id__com.facebook.katana": 0.15059567618011954, "activity__id__tilting": 0.14325190705518281, "appLaunch__id__com.amazon.kindle": 0.11868129954883816, "notification__id__com.google.android.gm": 0.074849426792104823, "notification__id__jp.co.yahoo.android.locationlog": 0.059971983448627503, "location__place__15": 0.057966410618295411, "location__place__12": 0.052699514316463997, "bluetoothPaired__device__JPC00085965": 0.046983298275303439, "appLaunch__id__jp.co.yahoo.android.apps.transit": 0.044086792887150304, "location__place__3": 0.041159446364597854, "notification__id__jp.co.ejan.cachatto.securebrowser2": 0.040252372534251624}, "1 : 0.09734162451": {"time_day_6": 0.99958327505749545, "time_hour_9_16": 0.99883137158183821, "time_day_3": 0.99454673049809916, "time_day_5": 0.99160622672863274, "notification__id__com.sony.tvsideview.phone": 0.65279895615590156, "notification__id__com.calm.checky": 0.42294703609330336, "notification__id__com.foursquare.robin": 0.35331618577423335, "notification__id__jp.gocro.smartnews.android": 0.22561278413964914, "notification__id__com.facebook.katana": 0.16876704990317276, "notification__id__com.access_company.android.sh_jumpplus": 0.16394820153608189, "notification__id__com.google.android.gm": 0.13528658868890375, "notification__id__com.sonyericsson.androidapp.appnavi": 0.11598713784265967, "notification__id__com.sonymobile.lifelog": 0.073799704102823771, "notification__id__other": 0.064417146836084224, "location__place__4": 0.053738339430993931, "location__place__19": 0.053730227119972017, "appLaunch__id__com.android.chrome": 0.048483977322938195, "activity__id__on_foot": 0.045673300386342638, "location__place__9": 0.043641486618101438, "appLaunch__id__com.mobilesuica.msb.android": 0.035928668938831704}, "2 : 0.109910659323": {"time_hour_0_9": 0.99913195331480709, "time_day_5": 0.9990838285414706, "time_day_0": 0.99880677408681473, "location__place__0": 0.98817031616838846, "notification__id__com.google.android.gm": 0.51462719832503867, "notification__id__jp.gocro.smartnews.android": 0.19688299215875035, "activity__id__still": 0.19191891958891055, "appLaunch__id__com.rookiestudio.perfectviewer": 0.12868016617286887, "appLaunch__id__com.mxtech.videoplayer.pro": 0.1282732433613947, "notification__id__com.foursquare.robin": 0.10639125318217062, "appLaunch__id__com.sony.tvsideview.phone": 0.098605839319196462, "activity__id__in_vehicle": 0.098035977233287455, "notification__id__com.facebook.katana": 0.093363359191718204, "appLaunch__id__com.facebook.katana": 0.059971695495295074, "time_day_4": 0.055881223234415071, "bluetoothPaired__device__ ": 0.054517313048516119, "notification__id__com.nianticproject.ingress": 0.043612923816029256, "appLaunch__id__other": 0.041637543802766727, "location__place__4": 0.038869579405165139, "notification__id__jp.edy.edyapp": 0.036168180894338028}, "3 : 0.0925887959083": {"location__place__20": 0.9994253926101544, "time_day_1": 0.99675715545584476, "time_day_5": 0.99567167422884795, "notification__id__jp.co.yahoo.android.locationlog": 0.99211418827585451, "time_hour_16_0": 0.98956886305320169, "activity__id__tilting": 0.70361927262775215, "notification__id__com.sonymobile.lifelog": 0.13216867073822797, "activity__id__in_vehicle": 0.10882560138181446, "appLaunch__id__com.amazon.kindle": 0.08225503479532216, "location__place__3": 0.07753955397293319, "appLaunch__id__com.echofon": 0.070113004087087552, "appLaunch__id__com.rookiestudio.perfectviewer": 0.070011208990741688, "bluetoothPaired__device__JPC20121573": 0.065586514248068675, "appLaunch__id__com.android.settings": 0.065119650059933185, "appLaunch__id__jp.co.yahoo.android.locationlog": 0.059201600667623838, "appLaunch__id__com.android.chrome": 0.057642800206392175, "time_hour_9_16": 0.053023869153312447, "notification__id__com.calm.checky": 0.051606128844316417, "notification__id__jp.co.ejan.cachatto.securebrowser2": 0.051002600271522362, "notification__id__com.amazon.kindle": 0.050754307879803201}, "4 : 0.111549266601": {"time_hour_0_9": 0.99993877740400383, "time_day_2": 0.99982538681850541, "time_day_6": 0.99415941447112732, "notification__id__com.google.android.gm": 0.88996552254851757, "notification__id__jp.gocro.smartnews.android": 0.21057313381839107, "notification__id__com.facebook.katana": 0.14370479613305734, "time_day_4": 0.06397319227656155, "appLaunch__id__jp.co.ejan.cachatto.securebrowser2": 0.047844001371764255, "location__place__8": 0.045582801067899255, "activity__id__in_bicycle": 0.038309596857090913, "appLaunch__id__jp.gocro.smartnews.android": 0.037858658576933914, "location__place__5": 0.030540620417397212, "appLaunch__id__com.android.chrome": 0.03027321411920993, "bluetoothPaired__device__JPC20119436": 0.029832117264210419, "notification__id__com.gunosy.android": 0.02761416075780836, "location__place__11": 0.024639671575359172, "appLaunch__id__com.sonyericsson.android.socialphonebook": 0.023605095053474884, "bluetoothPaired__device__ ": 0.022300591586274076, "appLaunch__id__com.echofon": 0.021977461983550047, "appLaunch__id__com.sony.tvsideview.phone": 0.021439455232527757}, "5 : 0.101596565514": {"time_day_3": 0.99990485558339315, "time_day_2": 0.99867276824265938, "location__place__1": 0.99846141796213961, "time_hour_16_0": 0.99791168773319039, "activity__id__tilting": 0.81358554727685617, "notification__id__com.sonymobile.lifelog": 0.67359475694331705, "appLaunch__id__other": 0.38646639506769037, "notification__id__jp.co.yahoo.android.locationlog": 0.36245728838629726, "activity__id__in_vehicle": 0.31614832769369744, "appLaunch__id__jp.naver.line.android": 0.17549822918938512, "activity__id__still": 0.16602224803001286, "time_hour_9_16": 0.15430543460386645, "notification__id__jp.naver.line.android": 0.09641497675364373, "appLaunch__id__jp.co.yahoo.android.locationlog": 0.081617845186421692, "activity__id__on_foot": 0.060804279496353975, "notification__id__jp.gocro.smartnews.android": 0.056037982232263903, "appLaunch__id__com.mobilesuica.msb.android": 0.053579098011122331, "appLaunch__id__com.sony.tvsideview.phone": 0.052483506030691802, "notification__id__com.facebook.katana": 0.049591315199636152, "appLaunch__id__com.sony.sensing.has.activitypug": 0.04956573040857544}, "6 : 0.0958565479312": {"time_day_0": 0.99855342520199686, "appLaunch__id__com.sonymobile.lifelog": 0.99813451577264256, "location__place__1": 0.99750578283763569, "time_day_2": 0.99740210508422178, "time_hour_9_16": 0.99533409156540276, "appLaunch__id__com.android.settings": 0.81436778891952788, "appLaunch__id__com.sony.sensing.has.activitypug": 0.33432468762817702, "appLaunch__id__com.sonymobile.lifelog.logger.viewer": 0.2739494986279889, "appLaunch__id__com.sony.activityengine.app.fusedvehicledetectorapp": 0.19032465112711155, "activity__id__tilting": 0.094917984757121071, "activity__id__on_foot": 0.068584533884648746, "notification__id__com.sonymobile.lifelog": 0.064302611762690615, "time_day_1": 0.044349871455828943, "notification__id__com.access_company.android.sh_jumpplus": 0.04261295666168971, "bluetoothPaired__device__JPC00134294": 0.04085223990893623, "location__place__11": 0.039559459606213161, "notification__id__com.agilebits.onepassword": 0.039436959989536856, "activity__id__still": 0.038352962467017096, "appLaunch__id__jp.co.ejan.cachatto.securebrowser2": 0.037190996774320743, "notification__id__jp.co.yahoo.android.locationlog": 0.035122567068634591}, "7 : 0.0852855682221": {"time_day_6": 0.9978648361494733, "activity__id__still": 0.99772679693083677,