{"k": {"0 : 0.10889044603": {"time_day_4": 0.99993309851072498, "time_day_2": 0.99901771786596083, "location__place__1": 0.99892609703691704, "time_hour_9_16": 0.99073101336218317, "time_hour_16_0": 0.42183048832466474, "activity__id__still": 0.38541169295187561, "notification__id__com.google.android.gm": 0.28370577816314846, "notification__id__com.sonymobile.lifelog": 0.17778186750372998, "appLaunch__id__com.sony.voyagent.mixs.mixswidget": 0.13093129352052102, "appLaunch__id__other": 0.12225100779397684, "appLaunch__id__com.sony.voyagent.mixs.launcher2": 0.10556601034751154, "notification__id__jp.co.yahoo.android.news": 0.072107865679944497, "notification__id__jp.gocro.smartnews.android": 0.056567318229946623, "appLaunch__id__com.android.vending": 0.047718250930411703, "appLaunch__id__com.sonymobile.lifelog": 0.037612022052212805, "appLaunch__id__com.sony.sensing.has.activitypug": 0.037074344639783291, "appLaunch__id__com.sony.activityengine.app.fusedvehicledetectorapp": 0.037034299521853262, "notification__id__other": 0.033081411871966601, "bluetoothPaired__device__JPC00140757": 0.027540972542092722, "location__place__14": 0.025408167440523155}, "1 : 0.101113847098": {"time_day_4": 0.99979252638688232, "time_hour_0_9": 0.9988776271629205, "time_day_1": 0.99774181471140455, "location__place__0": 0.93830004634138287, "appLaunch__id__jp.co.mixi.monsterstrike": 0.38251870675835781, "activity__id__still": 0.37395388201776891, "notification__id__com.google.android.gm": 0.3175140690889775, "appLaunch__id__com.boatbrowser.free": 0.12077176856717793, "notification__id__com.sonymobile.lifelog": 0.11205561872410619, "notification__id__com.boatbrowser.free": 0.090346803557247002, "appLaunch__id__jp.naver.line.android": 0.063127668215550992, "bluetoothPaired__device__GL07S_GL07S\u3000takamatsu": 0.042884855515149214, "notification__id__com.square_enix.Android_dqmsuperlight": 0.040809126553543629, "appLaunch__id__com.sony.drbd.reader.other.jp": 0.039397689689738752, "appLaunch__id__com.sony.voyagent.mixs.launcher2": 0.039012224478146791, "bluetoothPaired__device__JPC20123242": 0.038879939480110384, "notification__id__jp.gocro.smartnews.android": 0.031667543680132047, "notification__id__com.sonymobile.app.powerpredict": 0.031322806843776203, "appLaunch__id__com.google.android.youtube": 0.029721577981992334, "appLaunch__id__com.sony.voyagent.mixs.mixswidget": 0.02571485967268626}, "2 : 0.100641452187": {"time_day_1": 0.99968532781447106, "time_day_5": 0.99966896202901001, "time_hour_9_16": 0.99383822517458276, "time_hour_0_9": 0.47793069482432921, "notification__id__com.sonymobile.lifelog": 0.40055705567344868, "notification__id__com.google.android.gm": 0.275868331814834, "notification__id__com.sony.tvsideview.phone": 0.19444207590460894, "notification__id__jp.gocro.smartnews.android": 0.19277938023084829, "notification__id__jp.co.yahoo.android.news": 0.13601518470056573, "location__place__13": 0.044840620275760003, "appLaunch__id__com.quickoffice.android": 0.037104053792047974, "location__place__12": 0.035763235404646418, "appLaunch__id__com.sony.voyagent.mixs.packager": 0.034117644446451399, "location__place__5": 0.033078499651194269, "notification__id__com.square_enix.Android_dqmsuperlight": 0.030199634079228085, "appLaunch__id__com.sony.sensing.has.activitypug": 0.030063506729589268, "notification__id__net.slideshare.mobile": 0.029328388029572196, "appLaunch__id__com.sony.drbd.reader.other.jp": 0.028541681449361603, "location__place__4": 0.02769012203336153, "appLaunch__id__com.sonymobile.lifelog": 0.027520247986864286}, "3 : 0.1028853675": {"time_day_6": 0.99998292756632112, "time_day_0": 0.99990438723498487, "time_hour_0_9": 0.9995402934383002, "location__place__0": 0.69950217745665044, "appLaunch__id__com.sony.drbd.reader.other.jp": 0.48835154797494984, "notification__id__com.sonymobile.lifelog": 0.4604666250680054, "notification__id__com.sony.drbd.reader.other.jp": 0.36060245084217896, "activity__id__still": 0.3053680390115438, "notification__id__com.google.android.gm": 0.13253157725306669, "notification__id__jp.co.yahoo.android.news": 0.10567900824446996, "notification__id__jp.gocro.smartnews.android": 0.10134182485599486, "appLaunch__id__com.sony.voyagent.mixs.mixswidget": 0.04354389348940866, "notification__id__com.sony.activityengine.core": 0.04236634913460581, "bluetoothPaired__device__JPC20121573": 0.041547989870795998, "appLaunch__id__com.android.vending": 0.039686872566198295, "location__place__10": 0.039298752900829015, "notification__id__com.sonyericsson.extras.liveware": 0.036164299315817272, "location__place__13": 0.031874637037548129, "location__place__15": 0.027611032859415463, "location__place__7": 0.027108550867948694}, "4 : 0.0847885351729": {"time_day_5": 0.9991017434621553, "time_hour_16_0": 0.99697007200706378, "notification__id__jp.naver.line.android": 0.99684925491667842, "appLaunch__id__com.boatbrowser.free": 0.99597352190594735, "time_day_0": 0.99494774891640436, "appLaunch__id__jp.naver.line.android": 0.99210019519550796, "time_day_2": 0.98229834958497597, "location__place__0": 0.97651689115623175, "location__place__20": 0.97387936057407765, "activity__id__tilting": 0.90550301103435693, "appLaunch__id__jp.co.yahoo.android.news": 0.60776020155508292, "location__place__2": 0.33269051481401446, "activity__id__in_vehicle": 0.27985271460592898, "activity__id__still": 0.25296465117792477, "appLaunch__id__com.google.android.gm": 0.21752597786973185, "appLaunch__id__jp.co.yahoo.android.apps.transit": 0.16643548829809449, "appLaunch__id__com.google.android.calendar": 0.10517255463263725, "activity__id__in_bicycle": 0.097685461694915696, "notification__id__com.boatbrowser.free": 0.088148905986173615, "notification__id__jp.co.yahoo.android.news": 0.070820277686393263}, "5 : 0.113569181227": {"time_hour_0_9": 0.99987809677732398, "time_day_3": 0.99927497501016216, "time_day_2": 0.99896407193346504, "notification__id__com.google.android.gm": 0.41351003246081058, "notification__id__com.sonymobile.lifelog": 0.309342113421614, "appLaunch__id__jp.co.mixi.monsterstrike": 0.062354121169158193, "notification__id__jp.co.yahoo.android.news": 0.04252140138566636, "appLaunch__id__com.google.android.GoogleCamera": 0.041322084799390577, "appLaunch__id__jp.co.yahoo.android.apps.transit": 0.038943013715838012, "location__place__0": 0.035953610433247782, "bluetoothPaired__device__jpc00140540": 0.03132861573948692, "activity__id__in_bicycle": 0.030699388727793622, "bluetoothPaired__device__GL07S_GL07S\u3000takamatsu": 0.028495220829214955, "location__place__10": 0.028264452139576762, "appLaunch__id__com.sony.voyagent.mixs.packager": 0.026948628526464125, "notification__id__com.twitter.android": 0.023843727205961819, "bluetoothPaired__device__other": 0.022764075906455464, "bluetoothPaired__device__MATSUZAWA-DEV_dev-ubuntu-0": 0.022218757870799057, "notification__id__com.square_enix.Android_dqmsuperlight": 0.019855123563462078, "notification__id__net.slideshare.mobile": 0.019828996830048913}, "6 : 0.107453647937": {"time_day_0": 0.99965128054312069, "time_day_3": 0.99829066195121341, "time_hour_9_16": 0.99568711412504429, "location__place__1": 0.99369566262097075, "time_hour_16_0": 0.39689478049650051, "activity__id__still": 0.36452881013300575, "notification__id__com.google.android.gm": 0.3062756338287963, "notification__id__jp.co.yahoo.android.news": 0.11205586037439585, "appLaunch__id__com.google.android.gm": 0.098517493759522651, "appLaunch__id__com.sony.voyagent.mixs.packager": 0.086445576108758623, "notification__id__com.sonymobile.lifelog": 0.084528657329259044, "notification__id__jp.gocro.smartnews.android": 0.076951792646359679, "appLaunch__id__com.sony.voyagent.mixs.launcher2": 0.064742447330555605, "appLaunch__id__com.sonymobile.lifelog": 0.054898145717041685, "appLaunch__id__com.google.android.youtube": 0.053051870069405122, "notification__id__com.sony.sensing.has.activitypug": 0.03763442031352647,