{"k": {"0 : 0.10864770137": {"time_day_2": 0.999493885563563, "time_day_0": 0.99921593622621463, "notification__id__com.gunosy.android": 0.99857423014090463, "time_hour_16_0": 0.98982101651799526, "location__place__0": 0.98551572912811136, "activity__id__still": 0.97201431670960736, "appLaunch__id__com.google.android.wearable.app": 0.25480181292654902, "appLaunch__id__com.nianticproject.ingress": 0.12078084350395862, "location__place__3": 0.082929997274828304, "appLaunch__id__com.google.android.GoogleCamera": 0.08146296490775623, "activity__id__in_vehicle": 0.070860488020427825, "location__place__6": 0.051056933012891534, "appLaunch__id__com.kohei.android.pcmrecorder": 0.047473124994056939, "location__place__19": 0.043075549904578986, "location__place__10": 0.042673517698503437, "notification__id__com.sony.nfx.app.sfrc": 0.04062716905559717, "appLaunch__id__com.metago.astro": 0.039924721390076467, "notification__id__wni.WeathernewsTouch.jp": 0.038828413857366073, "location__place__7": 0.038454320058128495, "appLaunch__id__com.sonymobile.lifelog": 0.036533931060823588}, "1 : 0.0910443728471": {"notification__id__jp.co.yahoo.android.locationlog": 0.99950604018516254, "time_hour_0_9": 0.99907463872856184, "location__place__20": 0.9976204674456135, "time_day_4": 0.99662377608032227, "time_day_5": 0.99267782213523392, "appLaunch__id__other": 0.96552667411025217, "appLaunch__id__com.google.android.gm": 0.73907241762712061, "activity__id__tilting": 0.47054250839917255, "activity__id__in_vehicle": 0.3045580094381134, "appLaunch__id__com.google.android.GoogleCamera": 0.17358772971483175, "notification__id__com.google.android.apps.maps": 0.13793102881891681, "appLaunch__id__com.gunosy.android": 0.11888428536660178, "appLaunch__id__jp.gocro.smartnews.android": 0.11417930504067555, "notification__id__com.sonymobile.app.powerpredict": 0.096282747284922976, "time_hour_16_0": 0.080501611915420226, "appLaunch__id__com.taxaly.noteme": 0.078075627350946447, "appLaunch__id__com.sony.nfx.app.sfrc": 0.069626047444790687, "appLaunch__id__com.kohei.android.pcmrecorder": 0.062440310338877578, "location__place__10": 0.056864532972470475, "appLaunch__id__com.google.android.wearable.app": 0.053937309260946149}, "2 : 0.106232052449": {"time_day_3": 0.99973600439487442, "time_day_4": 0.99955522638666305, "time_hour_16_0": 0.99887802713175944, "notification__id__com.facebook.katana": 0.99741580727141832, "location__place__0": 0.70155954449287816, "activity__id__still": 0.40629135058343741, "notification__id__com.google.android.gm": 0.13924584623765376, "notification__id__com.otolatte": 0.13200146500181426, "location__place__13": 0.088227660632886673, "location__place__3": 0.06972473972635361, "appLaunch__id__com.sony.nfx.app.sfrc": 0.060747145564498561, "appLaunch__id__com.metago.astro": 0.055981071513440402, "appLaunch__id__com.kohei.android.pcmrecorder": 0.055066772892358333, "location__place__10": 0.044786211145909464, "notification__id__com.sonymobile.lifelog": 0.04306019285986748, "notification__id__com.google.android.deskclock": 0.041562504031897131, "location__place__6": 0.037571336368503835, "location__place__19": 0.033521639763157855, "appLaunch__id__jp.gocro.smartnews.android": 0.030441631279576085, "appLaunch__id__com.nianticproject.ingress": 0.029133546462792297}, "3 : 0.0977909474941": {"time_day_1": 0.9993814216458381, "time_day_0": 0.99602626500938141, "appLaunch__id__com.gunosy.android": 0.99592259641660041, "location__place__0": 0.99074174449115882, "notification__id__com.sonymobile.lifelog": 0.98093330857188521, "time_hour_9_16": 0.95629110015452423, "activity__id__still": 0.24393978599561572, "appLaunch__id__com.sonymobile.lifelog": 0.13295110383173273, "notification__id__jp.co.yahoo.android.locationlog": 0.11811036299544325, "activity__id__tilting": 0.092392131943438122, "location__place__2": 0.068977601087423318, "activity__id__in_vehicle": 0.065782948921261325, "activity__id__in_bicycle": 0.053792211417939988, "appLaunch__id__com.google.android.GoogleCamera": 0.051140240944827303, "time_hour_16_0": 0.05063982446166454, "appLaunch__id__com.taxaly.noteme": 0.047652722716452975, "location__place__9": 0.046633881099528811, "notification__id__com.sony.nfx.app.sfrc": 0.041035413019740875, "notification__id__com.news.rssfeedreader": 0.039970373587215557, "location__place__16": 0.039832570336195493}, "4 : 0.101870441317": {"location__place__1": 0.99989638215422794, "notification__id__com.otolatte": 0.9989849161153761, "notification__id__com.news.rssfeedreader": 0.99860848822937254, "time_day_2": 0.99662084167229281, "time_hour_0_9": 0.99399732691342213, "time_day_5": 0.99379696450031429, "activity__id__still": 0.26948057879127502, "time_hour_16_0": 0.098320107978922516, "location__place__11": 0.066074955082409376, "appLaunch__id__com.google.android.gallery3d": 0.056902647813407682, "notification__id__com.twitter.android": 0.055632490916821764, "location__place__18": 0.055368056318686104, "appLaunch__id__com.android.vending": 0.052732585768703058, "activity__id__in_vehicle": 0.051935220277934464, "activity__id__tilting": 0.045084947824726204, "notification__id__net.zmap.nxcapp.drvplz": 0.040317356200015607, "location__place__15": 0.037993109318996264, "activity__id__in_bicycle": 0.036843421971131302, "notification__id__org.redidea.voicetube": 0.031425847508531522, "appLaunch__id__com.google.android.GoogleCamera": 0.029931188426301353}, "5 : 0.0994468902091": {"time_day_1": 0.99983218009897568, "time_day_6": 0.99715232984506041, "time_hour_16_0": 0.99462183473250021, "notification__id__com.newspicks": 0.98709839418184409, "location__place__20": 0.92669807013962668, "notification__id__com.gunosy.android": 0.24592466454552822, "activity__id__in_vehicle": 0.13597312690644889, "activity__id__tilting": 0.11395249975090149, "activity__id__still": 0.11361679598982377, "notification__id__com.kohei.android.pcmrecorder": 0.086798246863004996, "appLaunch__id__com.sonymobile.app.powerpredict": 0.079513680505090362, "notification__id__com.facebook.katana": 0.077182831005071922, "appLaunch__id__com.kohei.android.pcmrecorder": 0.070016396345028431, "appLaunch__id__com.sonymobile.lifelog": 0.061196825930601148, "notification__id__com.news.rssfeedreader": 0.061077024250040655, "appLaunch__id__com.news.rssfeedreader": 0.057304590755235002, "appLaunch__id__com.google.android.gm": 0.050148922153727779, "location__place__4": 0.04870451350328054, "notification__id__com.otolatte": 0.044888879184966701, "appLaunch__id__com.android.vending": 0.04000625638210431}, "6 : 0.0951673178814": {"time_day_3": 0.99769261843859502, "appLaunch__id__jp.gocro.smartnews.android": 0.99517624989294329, "location__place__20": 0.99501856640074993, "appLaunch__id__com.sony.tvsideview.phone": 0.98709274740127295, "time_hour_9_16": 0.98085048634527738, "time_day_0": 0.96964071338914781, "activity__id__tilting": 0.7770526106239013, "notification__id__com.gunosy.android": 0.63847981610939175, "notification__id__com.sony.tvsideview.phone": 0.58020402737761934, "activity__id__in_vehicle": 0.55233149337727638, "appLaunch__id__com.sony.nfx.app.sfrc": 0.44641165948367567, "notification__id__com.newspicks": 0.37626551385093826, "activity__id__in_bicycle": 0.29284887748105987, "notification__id__com.news.rssfeedreader": 0.23071706386465465, "notification__id__com.google.android.gm": 0.18461843044546231, "appLaunch__id__com.gunosy.android": 0.13501536028278957, "notification__id__wni.WeathernewsTouch.jp": 0.10125864113233191, "location__place__2": 0.098637037013805384, "activity__id__on_foot": 0.089807751778487155, "appLaunch__id__com.metago.astro": 0.086834496976936071}, "7 : 0.0970067747567": {"time_day_6": 0.99944169017247697, "location__place__1": 0.99942827874261853, "time_day_3": 0.99926196195267214, "appLaunch__id__com.sony.sensing.has.activitypug": 0.993095575579519, "time_hour_9_16": 0.97846904139043811, "appLaunch__id__com.sony.activityengine.app.fusedvehicledetectorapp": 0.69470459356287806,