{"k": {"0 : 0.0930035004227": {"time_hour_0_9": 0.99995838787489899, "time_day_5": 0.99937218188372612, "time_day_3": 0.99888874930592442, "location__place__0": 0.80176130689353187, "notification__id__jp.radiko.Player": 0.28524401573614339, "activity__id__still": 0.26642062320796928, "appLaunch__id__com.sonyericsson.organizer": 0.22096196124126352, "notification__id__com.latedroid.juicedefender": 0.21248569586308891, "appLaunch__id__jp.r246.twicca": 0.18712491802482195, "notification__id__other": 0.17734576140812522, "notification__id__com.sonyericsson.organizer": 0.13978790505012159, "notification__id__com.cleanmaster.security": 0.1094652427270192, "appLaunch__id__jp.co.nttdocomo.carriermail": 0.099162606428611383, "appLaunch__id__jp.co.fenrir.android.sleipnir": 0.09732079287250453, "notification__id__com.cleanmaster.mguard": 0.094095605928757389, "notification__id__jp.gocro.smartnews.android": 0.077582015233907356, "location__place__3": 0.077287040367465906, "appLaunch__id__com.newspicks": 0.07576356862093242, "appLaunch__id__com.sony.sensing.has.activitypug": 0.061429821111341695, "appLaunch__id__wni.WeathernewsTouch.jp": 0.052352477475486534}, "1 : 0.107225072303": {"time_day_3": 0.99988475644318409, "location__place__1": 0.99948426024760562, "time_day_2": 0.998995900746942, "time_hour_9_16": 0.99537521755077574, "location__place__20": 0.97274650774033788, "appLaunch__id__com.sntown.snchat": 0.28102880028879451, "appLaunch__id__com.sony.nfx.app.sfrc2": 0.24418341485502532, "appLaunch__id__other": 0.24157748205036927, "time_hour_16_0": 0.22412216273865229, "activity__id__tilting": 0.18674240994193431, "notification__id__jp.co.nttdocomo.carriermail": 0.1582497484264877, "appLaunch__id__jp.r246.twicca": 0.150754194631572, "notification__id__com.latedroid.juicedefender": 0.14258673386640555, "notification__id__com.sntown.snchat": 0.14257053631006456, "notification__id__com.gunosy.android": 0.12376930900986574, "notification__id__com.cleanmaster.mguard": 0.12164651872074883, "notification__id__com.google.android.gm": 0.11259398735066302, "appLaunch__id__jp.co.nttdocomo.carriermail": 0.094023134435169742, "appLaunch__id__jp.co.fenrir.android.sleipnir": 0.086403643098953556, "notification__id__jp.gocro.smartnews.android": 0.082618331979185333}, "2 : 0.101333172271": {"time_day_6": 0.9989718299309126, "time_day_0": 0.99881528014271037, "time_hour_16_0": 0.99830521182875664, "location__place__0": 0.58840199608463062, "activity__id__still": 0.40927525017369387, "notification__id__com.latedroid.juicedefender": 0.40246503613998286, "notification__id__com.gunosy.android": 0.24761598240447516, "appLaunch__id__jp.r246.twicca": 0.24136483523148067, "activity__id__tilting": 0.22226322670785498, "appLaunch__id__jp.co.yahoo.android.sports.npb.textlive": 0.1709053109101295, "appLaunch__id__jp.co.fenrir.android.sleipnir": 0.15910896260893165, "appLaunch__id__other": 0.1201372596809285, "notification__id__jp.naver.line.android": 0.087601249037909515, "notification__id__jp.gocro.smartnews.android": 0.074095689921647029, "appLaunch__id__com.baseballnanj.app": 0.06897482270888261, "appLaunch__id__jp.gocro.smartnews.android": 0.066769772611248585, "appLaunch__id__com.sonyericsson.android.socialphonebook": 0.054919889282742579, "notification__id__com.cleanmaster.mguard": 0.045918441441143848, "appLaunch__id__jp.co.nttdocomo.carriermail": 0.043755182701592329, "appLaunch__id__com.sonyericsson.organizer": 0.043252925002178359}, "3 : 0.0866302018361": {"time_hour_0_9": 0.99989984634828677, "time_day_0": 0.99950086927214254, "notification__id__com.facebook.katana": 0.99290727433977632, "time_day_6": 0.99251598293094512, "time_day_2": 0.98841043143722773, "activity__id__still": 0.23329842507198079, "time_hour_9_16": 0.20906844730044083, "notification__id__com.sonyericsson.organizer": 0.17025068755927153, "appLaunch__id__jp.r246.twicca": 0.13064539693182292, "notification__id__com.google.android.gm": 0.12435054416219032, "appLaunch__id__com.sonyericsson.organizer": 0.11900706176504615, "notification__id__com.latedroid.juicedefender": 0.096209399442433341, "appLaunch__id__com.sonyericsson.android.socialphonebook": 0.080854070099322398, "appLaunch__id__wni.WeathernewsTouch.jp": 0.080280681288969258, "appLaunch__id__com.facebook.katana": 0.079068610130624689, "appLaunch__id__jp.co.yahoo.android.apps.transit": 0.068842321407875884, "notification__id__jp.radiko.Player": 0.062783610835921419, "notification__id__com.sntown.snchat": 0.058797605321424279, "notification__id__jp.gocro.smartnews.android": 0.057661981089539807, "appLaunch__id__jp.naver.line.android": 0.053244410698207373}, "4 : 0.106678026214": {"time_day_4": 0.9994358378057463, "time_hour_9_16": 0.99885455837153014, "time_day_1": 0.99821299915455863, "notification__id__jp.co.nttdocomo.carriermail": 0.35884466194787029, "notification__id__com.sony.nfx.app.sfrc": 0.32099781448433246, "activity__id__tilting": 0.27821192236668635, "appLaunch__id__other": 0.25167636270434895, "activity__id__still": 0.23018130587438404, "appLaunch__id__jp.r246.twicca": 0.19112648677220931, "notification__id__com.gunosy.android": 0.17445651353397029, "notification__id__com.latedroid.juicedefender": 0.14850032983921788, "appLaunch__id__jp.co.fenrir.android.sleipnir": 0.1309276578322342, "notification__id__jp.co.ejan.cachatto.securebrowser2": 0.12976597159576087, "appLaunch__id__jp.co.nttdocomo.carriermail": 0.12817101925152052, "notification__id__com.facebook.katana": 0.11013073143440288, "notification__id__com.newspicks": 0.082946960652583265, "notification__id__jp.gocro.smartnews.android": 0.059210609498838239, "appLaunch__id__jp.gocro.smartnews.android": 0.050693056737640678, "appLaunch__id__com.newspicks": 0.048509869395577068, "appLaunch__id__com.sony.sensing.has.activitypug": 0.046952939197984947}, "5 : 0.108321244709": {"time_hour_9_16": 0.99992750925056617, "location__place__0": 0.9993276740357534, "time_day_5": 0.99912724463436309, "time_day_6": 0.9988105124286194, "appLaunch__id__jp.jravan.ar": 0.48141063723577632, "activity__id__tilting": 0.32036044315664047, "appLaunch__id__jp.r246.twicca": 0.30518320427216389, "notification__id__com.latedroid.juicedefender": 0.27006171321306544, "appLaunch__id__com.sonyericsson.android.socialphonebook": 0.18788517339236169, "appLaunch__id__other": 0.17925415566076483, "appLaunch__id__jp.co.fenrir.android.sleipnir": 0.15576946292634006, "notification__id__com.cleanmaster.security": 0.14424124879787578, "notification__id__jp.co.nttdocomo.carriermail": 0.14017382111015902, "notification__id__other": 0.11893132732879977, "appLaunch__id__wni.WeathernewsTouch.jp": 0.11094764740756866, "location__place__20": 0.11042752918029494, "notification__id__com.newspicks": 0.097628079015897706, "notification__id__jp.gocro.smartnews.android": 0.095305398057046811, "notification__id__jp.naver.line.android": 0.089937519933416143, "appLaunch__id__com.sonyericsson.music": 0.080065957946605815}, "6 : 0.10108944833": {"time_day_1": 0.99962963609607147, "time_hour_0_9": 0.98094003459565238, "time_hour_16_0": 0.4199782834493278, "location__place__0": 0.4163501263446785, "activity__id__still": 0.3789825852756058, "notification__id__com.latedroid.juicedefender": 0.29593243721179063, "appLaunch__id__jp.r246.twicca": 0.18386249234361232, "notification__id__jp.r246.twicca": 0.17643995729410925, "notification__id__other": 0.16701667144689761, "appLaunch__id__jp.co.yahoo.android.apps.transit": 0.094391178231503559, "appLaunch__id__com.sntown.snchat": 0.082365153795530305, "appLaunch__id__jp.co.fenrir.android.sleipnir": 0.078124986573475524, "appLaunch__id__jp.gocro.smartnews.android": 0.076283455376390003, "appLaunch__id__com.sonyericsson.organizer": 0.071055287858783789, "appLaunch__id__com.baseballnanj.app": 0.063736237591433223, "location__place__6": 0.058821122046875313, "appLaunch__id__other": 0.054909094497569907, "location__place__3": 0.049901861676830722, "notification__id__jp.gocro.smartnews.android": 0.048024337153692517,