{"k": {"0 : 0.114527385809": {"time_day_2": 0.99826462978375119, "time_day_5": 0.99754572361286398, "location__place__0": 0.99447563480033441, "time_hour_0_9": 0.98786091496638762, "appLaunch__id__jp.co.yahoo.android.yauction": 0.55647408876207327, "appLaunch__id__com.sony.tvsideview.phone": 0.18927472965608277, "time_hour_9_16": 0.15528548865175348, "appLaunch__id__wni.WeathernewsTouch.jp": 0.12897575028748404, "appLaunch__id__com.android.vending": 0.10241629075666517, "appLaunch__id__aobo.highway": 0.076679917658394894, "appLaunch__id__com.android.email": 0.072644419269347241, "appLaunch__id__com.sonymobile.lifelog": 0.071454520355749437, "bluetoothPaired__device__CA003": 0.068793272521525436, "appLaunch__id__jp.co.rakuten.android": 0.067623780403064743, "location__place__7": 0.067566150452289767, "bluetoothPaired__device__MARVERA": 0.066203893781948589, "location__place__16": 0.064695816687774826, "location__place__5": 0.062369992803276493, "appLaunch__id__other": 0.05808319409096438, "appLaunch__id__com.sony.sensing.has.activitypug": 0.054484451274166151}, "1 : 0.103187107825": {"location__place__1": 0.99778554359808114, "time_day_4": 0.99757170423436958, "time_hour_9_16": 0.99576965805753503, "time_day_3": 0.99394840222177949, "appLaunch__id__wni.WeathernewsTouch.jp": 0.40140550028801703, "appLaunch__id__jp.co.yahoo.android.yauction": 0.38111823931799865, "location__place__3": 0.32770265969960183, "appLaunch__id__other": 0.21799266936174838, "appLaunch__id__com.blogspot.sakaneya.xbandradar": 0.21263664503453297, "appLaunch__id__com.sony.drbd.reader.other.jp": 0.14374044397491759, "time_hour_0_9": 0.13262086084764052, "appLaunch__id__jp.co.smbc.direct": 0.12811987038602068, "appLaunch__id__com.android.chrome": 0.10487789583816622, "bluetoothPaired__device__RZ-1500": 0.085815218626977885, "location__place__9": 0.085022248434087636, "bluetoothPaired__device__BARONE": 0.081480078918911125, "location__place__16": 0.078059307825598445, "location__place__4": 0.071865308790585988, "location__place__17": 0.070762367221128761, "location__place__0": 0.05541518666276312}, "2 : 0.0941880076072": {"time_day_4": 0.99224402917235621, "time_hour_16_0": 0.9893294966497459, "location__place__20": 0.98116381935512698, "time_day_2": 0.98002253252785787, "appLaunch__id__com.android.calendar": 0.89551519075135733, "appLaunch__id__com.android.email": 0.26355110718763797, "notification__id__jp.co.yahoo.android.emg": 0.17762330331074663, "activity__id__tilting": 0.15625386779865441, "appLaunch__id__com.android.chrome": 0.11546609347349118, "appLaunch__id__com.android.settings": 0.10191891105283925, "appLaunch__id__jp.co.rakuten.pointclub.android": 0.086505179802975812, "activity__id__in_vehicle": 0.080172989856791846, "location__place__19": 0.069885493894664766, "appLaunch__id__aobo.highway": 0.068875360962870391, "appLaunch__id__jp.co.rakuten.android": 0.068311603244814473, "bluetoothPaired__device__6b2e69-bt": 0.068054759566882964, "bluetoothPaired__device__One": 0.059768934664826738, "appLaunch__id__com.facebook.katana": 0.058764325081060775, "location__place__10": 0.056115956890473724, "notification__id__jp.co.rakuten.pointclub.android": 0.054483295510314299}, "3 : 0.0925855202933": {"location__place__20": 0.99836069587406739, "time_day_6": 0.99444632000471611, "time_day_5": 0.99437929596750474, "notification__id__com.google.android.apps.maps": 0.99116213646135554, "time_hour_9_16": 0.98874180231728226, "appLaunch__id__com.google.android.apps.maps": 0.98635521636012635, "activity__id__still": 0.42911102369880316, "notification__id__jp.co.yahoo.android.emg": 0.31881949871658971, "appLaunch__id__other": 0.17522924129317147, "activity__id__in_vehicle": 0.15833194821063237, "appLaunch__id__com.facebook.katana": 0.13443209759539959, "appLaunch__id__com.android.email": 0.10610649054006467, "appLaunch__id__com.felicanetworks.mfm": 0.096634098241919611, "time_day_1": 0.092141396590272137, "activity__id__on_foot": 0.088086942266475191, "location__place__15": 0.083825052784844173, "location__place__5": 0.083629035187623033, "appLaunch__id__wni.WeathernewsTouch.jp": 0.082599269955276444, "appLaunch__id__com.sonymobile.lifelog": 0.068235801612231139, "notification__id__com.sony.tvsideview.phone": 0.061242605583703355}, "4 : 0.0947814739094": {"time_day_3": 0.9992474757251929, "time_day_2": 0.99869088709526177, "location__place__1": 0.9963413494755986, "time_hour_16_0": 0.9827911628452094, "appLaunch__id__com.sonymobile.lifelog": 0.30534474429974723, "appLaunch__id__other": 0.13469451352972522, "appLaunch__id__com.blogspot.sakaneya.xbandradar": 0.13188798386724115, "appLaunch__id__wni.WeathernewsTouch.jp": 0.12124805999406293, "activity__id__tilting": 0.11841130860877153, "appLaunch__id__com.sony.tvsideview.phone": 0.11039151710969856, "appLaunch__id__com.google.android.apps.maps": 0.099437086197652014, "appLaunch__id__com.sonyericsson.album": 0.096443795787834019, "appLaunch__id__com.android.email": 0.090263376785564939, "location__place__17": 0.086266026405031504, "time_hour_9_16": 0.077119050492533647, "bluetoothPaired__device__T003": 0.069917514923424698, "notification__id__com.sony.tvsideview.phone": 0.063254140989411275, "appLaunch__id__com.android.chrome": 0.057523600429638798, "location__place__16": 0.052651028580822726, "time_day_1": 0.052560225885441403}, "5 : 0.0904802550553": {"time_day_6": 0.99723202670354794, "notification__id__com.android.calendar": 0.99344982864950127, "time_hour_16_0": 0.99341400137800617, "bluetoothPaired__device__JPC00134294": 0.99249273371995195, "time_day_4": 0.9864141538969261, "activity__id__still": 0.98025009096380589, "location__place__0": 0.60534254697761058, "appLaunch__id__other": 0.43897664813571413, "notification__id__com.facebook.katana": 0.32770379703105168, "notification__id__jp.co.yahoo.android.emg": 0.20806079659844662, "activity__id__tilting": 0.18326834987377361, "appLaunch__id__com.android.chrome": 0.18015687130606672, "appLaunch__id__com.android.email": 0.17056902928133855, "notification__id__com.android.email": 0.15513702862490863, "appLaunch__id__com.felicanetworks.mfm": 0.15340436119468048, "appLaunch__id__jp.co.rakuten.android": 0.12004646106060976, "activity__id__in_bicycle": 0.085217226657396963, "appLaunch__id__com.android.vending": 0.081248465380803297, "notification__id__jp.co.rakuten.pointclub.android": 0.081079249180422724, "location__place__8": 0.073697880436814203}, "6 : 0.094399244144": {"location__place__20": 0.99821242123341802, "time_day_0": 0.99598005400784684, "time_day_5": 0.99595032415789397, "time_hour_16_0": 0.98975262261508756, "activity__id__tilting": 0.96237899950082184, "appLaunch__id__other": 0.42080009726437162, "appLaunch__id__jp.co.rakuten.pointclub.android": 0.17448548736045605, "appLaunch__id__com.android.email": 0.16714646912292469, "appLaunch__id__com.android.chrome": 0.13073720326315005, "location__place__19": 0.11381858047671238, "activity__id__on_foot": 0.10507605034046741, "appLaunch__id__com.google.android.apps.maps": 0.099636839291820822, "location__place__17": 0.086221170815770978, "location__place__15": 0.085220012791501903, "appLaunch__id__jp.co.yahoo.android.yauction": 0.079119794294230078, "appLaunch__id__wni.WeathernewsTouch.jp": 0.073577442341849986, "appLaunch__id__aobo.highway": 0.073359025233853459, "location__place__0": 0.07232138828151391, "location__place__7": 0.071346091161094069, "appLaunch__id__com.sony.drbd.reader.other.jp": 0.06534622490379563}, "7 : 0.103280878549": {"time_hour_0_9": 0.99940195325991843, "location__place__2": 0.99538718706443063, "time_day_6": 0.99273355897826243, "time_day_0": 0.98946226734781095, "location__place__0": 0.75034656147940137, "appLaunch__id__jp.co.yahoo.android.yauction": 0.21674249782237767, "appLaunch__id__com.sony.tvsideview.phone": 0.16591300725983826, "time_hour_9_16": 0.13815302075025554, "appLaunch__id__com.android.chrome": 0.11918235072240961, "appLaunch__id__other": 0.11892330411446156,