{"k": {"0 : 0.038719296756": {"notification__id__com.google.android.gms": -0.098864883794707523, "battery__health__Good": -0.098501608580236058, "location__place__2017": -0.05763400745698305, "battery__plugged__Is plugged": -0.052449648243101096, "battery__type__USB port": -0.042197438309427585, "activity__id__still": -0.04155560269713604, "activity__id__walking": -0.04041320852237372, "notification__id__android": -0.037842116894766999, "notification__id__com.gunosy.android": -0.028111980123854442, "location__place__1987": -0.02481936626351992, "notification__id__com.google.android.gm": -0.023533774295692839, "notification__id__mobi.infolife.ezweather": -0.018824919007250571, "notification__id__com.newspicks": -0.015218182396681598, "notification__id__com.news.rssfeedreader": -0.013973080603879038, "appLaunch__id__jp.gocro.smartnews.android": -0.0112458680256957, "activity__id__in_train": -0.010422199050012711, "battery__type__AC charger": -0.010252209933673605, "notification__id__com.facebook.katana": -0.0099559670466528739, "appLaunch__id__com.sony.tvsideview.phone": -0.0091998202389170503, "notification__id__com.cleanmaster.mguard": -0.0085971634659201615}, "1 : 0.0192242590811": {"notification__id__com.google.android.gms": -0.1044682109462694, "battery__type__USB port": 0.07124784286823295, "battery__plugged__Is plugged": 0.0691116573866426, "location__place__2017": 0.068044038354152334, "battery__health__Good": 0.049409511939411871, "notification__id__android": -0.032478822454072631, "notification__id__com.news.rssfeedreader": -0.026789229896393912, "location__place__1987": -0.022547199231013601, "notification__id__com.newspicks": -0.022437015023095416, "notification__id__com.google.android.gm": -0.020295279591813393, "notification__id__com.gunosy.android": -0.015572933297437409, "activity__id__still": -0.014716720357501536, "activity__id__in_train": -0.013611371441824047, "notification__id__com.sony.tvsideview.phone": -0.012204821105875596, "appLaunch__id__com.sony.tvsideview.phone": -0.009061376914927026, "appLaunch__id__com.sony.sensing.has.activitypug": 0.0083545018306597739, "notification__id__com.dictionary": -0.0083389748746041364, "notification__id__com.otolatte": -0.0079311381299016683, "notification__id__com.cleanmaster.mguard": -0.0075161945786918153, "notification__id__com.android.providers.downloads": -0.007086051694581548}, "2 : 0.0157536226859": {"notification__id__com.google.android.gms": -0.075493039312836033, "location__place__1987": 0.064895043094529675, "battery__health__Good": 0.042551157887572764, "activity__id__still": 0.035360427840808555, "location__place__2017": -0.03197206978252571, "battery__type__USB port": -0.029407574362614309, "appLaunch__id__jp.gocro.smartnews.android": 0.028975762944244352, "appLaunch__id__com.sony.tvsideview.phone": 0.02384904242666, "activity__id__walking": 0.023313372581760434, "activity__id__in_train": 0.018374716265019454, "notification__id__com.sony.tvsideview.phone": 0.017965356775578201, "notification__id__com.gunosy.android": 0.01767868657692169, "battery__type__AC charger": 0.014735840141239904, "battery__plugged__Is plugged": -0.014671734221374407, "appLaunch__id__com.sony.nfx.app.sfrc": 0.014361738357593088, "notification__id__com.newspicks": 0.013960910941488386, "notification__id__mobi.infolife.ezweather": 0.013184507559195773, "notification__id__com.news.rssfeedreader": 0.012396893681631929, "notification__id__com.dictionary": 0.011509563374574887, "appLaunch__id__com.nike.plusgps": 0.011279715152615168}, "3 : 0.0140933032808": {"notification__id__android": -0.050984626868365683, "activity__id__still": -0.050463772626012607, "location__place__1987": 0.049972926866849225, "activity__id__walking": -0.049472440340457585, "location__place__2017": -0.034132654511558842, "notification__id__mobi.infolife.ezweather": -0.033646968502905814, "battery__health__Good": 0.030330808888033498, "battery__plugged__Is plugged": 0.029538752712162154, "battery__type__AC charger": 0.028995580001400293, "notification__id__com.google.android.gms": 0.024681609470605992, "activity__id__move_up_or_down": -0.010507046616473016, "notification__id__com.newspicks": 0.010101173995908571, "activity__id__in_train": -0.010019455788647231, "appLaunch__id__com.sony.sensing.has.activitypug": 0.0096753811519637457, "activity__id__in_bus": -0.0087572021014934529, "appLaunch__id__com.sony.activityengine.app.fusedvehicledetectorapp": 0.0083022689541112204, "activity__id__in_car": -0.0078594205888403747, "notification__id__com.gunosy.android": 0.0077387605318537719, "activity__id__in_bicycle": -0.007173182629893032, "notification__id__com.news.rssfeedreader": 0.00699649904050285}, "4 : 0.0119999840744": {"battery__plugged__Is plugged": 0.074077290103808216, "location__place__2017": -0.073955244464596726, "notification__id__com.gunosy.android": -0.046152641327454662, "battery__type__USB port": 0.044386275589086401, "battery__health__Good": -0.040376911278828392, "notification__id__android": 0.035447294221536051, "battery__type__AC charger": 0.029691014514721885, "activity__id__still": 0.028446049132346139, "notification__id__mobi.infolife.ezweather": 0.025163711744551731, "location__place__1987": 0.018798471959005528, "notification__id__com.newspicks": -0.014078274442251251, "appLaunch__id__jp.gocro.smartnews.android": -0.010601187440609536, "activity__id__in_bicycle": 0.0078838348411543781, "activity__id__move_up_or_down": 0.0077369663696465864, "notification__id__com.sony.tvsideview.phone": -0.0075987029143506635, "appLaunch__id__com.sony.tvsideview.phone": -0.0065150667025717099, "appLaunch__id__com.gunosy.android": -0.0063436328743381662, "notification__id__com.facebook.katana": -0.0063422826750172117, "notification__id__com.android.providers.downloads": 0.0060311811485411924, "notification__id__com.cleanmaster.mguard": 0.0059063634238550183}}}