{"k": {"0 : 0.135365335732": {"activity__id__tilting": -0.033042819573523091, "activity__id__in_vehicle": -0.032358691468106049, "location__place__20": -0.029537152509035113, "activity__id__still": -0.027949464167207567, "time_hour_6_12": -0.026680838343285024, "notification__id__com.gunosy.android": -0.026509860188027541, "location__place__1": -0.026494281486501341, "battery__plugged__Is plugged": -0.02501440205062597, "appLaunch__id__jp.gocro.smartnews.android": -0.02461032431854971, "activity__id__in_bicycle": -0.024013947303114232, "battery__type__USB port": -0.023493914466424681, "appLaunch__id__com.sony.tvsideview.phone": -0.022980659489241616, "notification__id__com.newspicks": -0.022817775718273686, "notification__id__com.google.android.gm": -0.021914836577955607, "location__place__0": -0.021536629415437991, "notification__id__com.news.rssfeedreader": -0.020686254716268254, "bluetoothSeen__device__other": -0.020473829383778588, "notification__id__com.sony.tvsideview.phone": -0.020302495752133387, "time_hour_12_18": -0.019998745265620812, "activity__id__on_foot": -0.019329443888274914}, "1 : 0.0765518962435": {"bluetoothSeen__device__GNSS_Receiver_JPC00119879": -0.04595982138802724, "bluetoothSeen__device__ ": -0.037302833388194019, "bluetoothSeen__device__JPC20113779": -0.036640300967669334, "bluetoothSeen__device__takamatsu Nexus 5": -0.034466379352984453, "bluetoothSeen__device__GL07S\u3000takamatsu": -0.034007227798458939, "bluetoothSeen__device__Xperia Z1 Compact_JPC20113787": -0.033915247178770064, "bluetoothSeen__device__other": -0.03385007728176765, "bluetoothSeen__device__JPC20113787": -0.032517203427361384, "bluetoothSeen__device__JPC20119436": -0.032429745140284197, "bluetoothSeen__device__JPC00133580": -0.03240597714236125, "bluetoothSeen__device__JPC20121443": -0.031332695755386782, "bluetoothSeen__device__JPC20315716": -0.031097255355609758, "bluetoothSeen__device__MATSUZAWA-DEV_dev-ubuntu-0": -0.031013299031525842, "bluetoothSeen__device__Nexus 5": -0.029270150503123669, "bluetoothSeen__device__Nike+ FuelBand SE": -0.028483242629747659, "bluetoothSeen__device__JPC20146151": -0.028059245290997993, "bluetoothSeen__device__GNSS_Receiver": -0.026599942789812179, "bluetoothSeen__device__JPC20138346": -0.023749434637159061, "bluetoothSeen__device__JPC00134294": -0.022631418349332303, "location__place__1": 0.019906118183753121}, "2 : 0.0484951594677": {"battery__type__USB port": 0.05351417359666083, "battery__plugged__Is plugged": 0.046771076283529958, "appLaunch__id__com.sony.tvsideview.phone": -0.043024610377967849, "appLaunch__id__jp.gocro.smartnews.android": -0.040923644367812789, "location__place__0": 0.040294065304751894, "appLaunch__id__com.sony.nfx.app.sfrc": -0.03768421003565809, "time_hour_12_18": 0.033601022304099983, "time_hour_6_12": -0.032586117368641476, "notification__id__com.sony.tvsideview.phone": -0.032333839329276984, "location__place__20": -0.028001854635172536, "activity__id__still": 0.027894483379334294, "time_hour_18_0": 0.026693343638802925, "location__place__2": -0.024894769286726518, "bluetoothSeen__device__other": -0.02475749770633856, "appLaunch__id__com.sony.activityengine.app.fusedvehicledetectorapp": -0.02070273263593999, "location__place__1": -0.020223240977731441, "time_day_1": 0.018976880013306538, "time_day_2": 0.018413887311626354, "appLaunch__id__com.sony.sensing.has.activitypug": -0.01796763980795963, "time_day_0": 0.016232952933819329}, "3 : 0.0360129496105": {"time_hour_0_6": 0.073840212540363714, "battery__type__AC charger": 0.071411428626820997, "location__place__1": 0.064226377148202674, "time_day_6": 0.051350433544184559, "activity__id__in_bicycle": -0.044554479279309882, "appLaunch__id__com.sony.sensing.has.activitypug": 0.040455834935656812, "time_day_5": 0.03859497382868269, "appLaunch__id__com.nike.plusgps": 0.037818024179026084, "appLaunch__id__com.sony.activityengine.app.fusedvehicledetectorapp": 0.037389345401898054, "activity__id__on_foot": -0.031104303408182973, "activity__id__in_vehicle": -0.029698935281646396, "notification__id__com.sony.tvsideview.phone": -0.029433351828289326, "activity__id__tilting": -0.021566462657763939, "notification__id__com.gunosy.android": -0.020588004069125733, "notification__id__com.newspicks": -0.020013637158712561, "battery__plugged__Is plugged": 0.01784727754304943, "notification__id__com.nike.plusgps": 0.017163096452104017, "location__place__0": -0.016744260826020933, "time_hour_6_12": -0.01672760872450281, "appLaunch__id__com.sonymobile.lifelog": 0.014919618436832717}, "4 : 0.0342200572778": {"appLaunch__id__com.sony.sensing.has.activitypug": -0.069268967453590513, "appLaunch__id__com.sony.activityengine.app.fusedvehicledetectorapp": -0.062834790623768233, "battery__type__USB port": -0.040023235468460407, "notification__id__com.news.rssfeedreader": 0.039220810637548953, "notification__id__com.newspicks": 0.037519652819167019, "appLaunch__id__jp.gocro.smartnews.android": -0.036233171816372485, "appLaunch__id__com.sony.nfx.app.sfrc": -0.032982086133595982, "appLaunch__id__com.sonymobile.lifelog": -0.032730638390417344, "appLaunch__id__com.gunosy.android": -0.032232925971998498, "notification__id__com.sony.tvsideview.phone": 0.029005728601862436, "notification__id__com.gunosy.android": 0.02833430994147873, "location__place__0": -0.027236483760987945, "time_day_6": 0.026139784810289241, "battery__type__AC charger": 0.02598892948016367, "appLaunch__id__com.sony.tvsideview.phone": -0.025265646519007402, "notification__id__com.google.android.gm": 0.023247355100020125, "battery__plugged__Is plugged": -0.021733086708822982, "location__place__1": 0.02002973993648215, "time_day_5": 0.019849618265133293, "activity__id__in_bicycle": 0.018482393326193839}}}