{"k": {"0 : 0.102190849659": {"time_day_0": 0.99984441556144255, "location__place__0": 0.99980045172902743, "time_hour_16_0": 0.999711895372977, "activity__id__still": 0.9990026260987247, "notification__id__com.gunosy.android": 0.52820197354749876, "time_day_2": 0.092391389395267504, "notification__id__com.facebook.katana": 0.070290219720864328, "notification__id__com.otolatte": 0.063536891026422404, "activity__id__in_vehicle": 0.031398916185098567, "appLaunch__id__com.sonymobile.lifelog": 0.031332162102783827, "appLaunch__id__com.google.android.wearable.app": 0.030992512673153092, "location__place__3": 0.030044264749759401, "notification__id__com.news.rssfeedreader": 0.029375247314608027, "appLaunch__id__com.nianticproject.ingress": 0.02863971920656708, "appLaunch__id__com.google.android.GoogleCamera": 0.028546656012407134, "notification__id__com.sonymobile.lifelog": 0.025231304547402376, "appLaunch__id__com.metago.astro": 0.024569238476369125, "activity__id__tilting": 0.024001764274244761, "appLaunch__id__com.kohei.android.pcmrecorder": 0.023077989769658788, "location__place__19": 0.022942531825701485}, "1 : 0.118777162636": {"time_hour_0_9": 0.99998931249200862, "location__place__1": 0.855873374306652, "notification__id__com.news.rssfeedreader": 0.3634474610134466, "time_day_1": 0.2266197619623514, "time_day_2": 0.21580028698931761, "time_day_3": 0.17486320249246282, "activity__id__still": 0.16010382530898737, "activity__id__tilting": 0.12305924750109419, "notification__id__com.google.android.gm": 0.1084197976880716, "time_day_5": 0.10161447070931501, "appLaunch__id__com.nike.plusgps": 0.081508328191219309, "time_day_4": 0.076722048585591937, "notification__id__jp.co.yahoo.android.locationlog": 0.076369639847217091, "time_day_0": 0.060927005187087803, "notification__id__com.nike.plusgps": 0.042825143609101245, "appLaunch__id__com.google.android.gm": 0.036081337945519397, "notification__id__com.facebook.katana": 0.035856738606236352, "appLaunch__id__com.sony.nfx.app.sfrc": 0.031045852044370544, "notification__id__com.otolatte": 0.029994139661712285, "notification__id__com.sonymobile.app.powerpredict": 0.029056802739244256}, "2 : 0.103458097057": {"time_day_3": 0.99993647126233509, "time_hour_16_0": 0.99978541634160134, "location__place__0": 0.62136271231814866, "notification__id__com.newspicks": 0.17773688172991658, "notification__id__com.google.android.gm": 0.099180536300956038, "notification__id__com.otolatte": 0.087414384322064081, "notification__id__com.sonymobile.lifelog": 0.068237724176488143, "notification__id__com.facebook.katana": 0.0591167652670085, "activity__id__tilting": 0.049941509124408624, "notification__id__com.news.rssfeedreader": 0.042249609781037409, "appLaunch__id__jp.gocro.smartnews.android": 0.037152129103941001, "location__place__13": 0.031219349882532055, "appLaunch__id__other": 0.031016672795725977, "appLaunch__id__com.google.android.gm": 0.0307896302556551, "appLaunch__id__com.sony.nfx.app.sfrc": 0.026611922191970373, "activity__id__on_foot": 0.023118104323884996, "notification__id__com.google.android.deskclock": 0.022312708061543052, "appLaunch__id__com.news.rssfeedreader": 0.020140920885169465, "appLaunch__id__com.kohei.android.pcmrecorder": 0.019283713945154934, "appLaunch__id__com.sony.sensing.has.activitypug": 0.019214016934233979}, "3 : 0.100378959091": {"location__place__0": 0.99945586032092759, "time_hour_9_16": 0.99861378522433464, "time_day_4": 0.99828966262334817, "activity__id__still": 0.62007025840040331, "notification__id__com.google.android.gm": 0.30077806202035928, "time_day_3": 0.21184758109221286, "appLaunch__id__com.gunosy.android": 0.11943866481379553, "notification__id__com.gunosy.android": 0.10227032581298795, "notification__id__com.facebook.katana": 0.073111271766712976, "appLaunch__id__jp.gocro.smartnews.android": 0.066150481852681325, "activity__id__tilting": 0.06314953433276968, "activity__id__in_vehicle": 0.059318196236183188, "notification__id__jp.co.yahoo.android.locationlog": 0.050078988251693088, "activity__id__in_bicycle": 0.030688773377753865, "location__place__2": 0.024394571435592614, "notification__id__wni.WeathernewsTouch.jp": 0.021361855693459348, "appLaunch__id__com.taxaly.noteme": 0.020300276981564194, "appLaunch__id__other": 0.01930730763894286, "appLaunch__id__com.google.android.GoogleCamera": 0.017286833125408348, "location__place__18": 0.015975723844643384}, "4 : 0.10036544128": {"time_hour_9_16": 0.99996117424101127, "location__place__20": 0.99895315566133602, "activity__id__tilting": 0.67736135225492322, "time_day_5": 0.55992340355337245, "time_day_0": 0.49090344932741897, "activity__id__in_vehicle": 0.43806312109261991, "appLaunch__id__jp.gocro.smartnews.android": 0.2806261219213555, "appLaunch__id__com.sony.tvsideview.phone": 0.1930548750581445, "notification__id__com.gunosy.android": 0.17640579027594408, "time_day_1": 0.16435342223650592, "notification__id__com.newspicks": 0.13832952442494206, "time_day_3": 0.11737435990637653, "notification__id__com.news.rssfeedreader": 0.10574369403909034, "appLaunch__id__com.sony.nfx.app.sfrc": 0.098726833794734348, "notification__id__com.sony.tvsideview.phone": 0.09516457628536909, "notification__id__jp.co.yahoo.android.locationlog": 0.089152992358177904, "appLaunch__id__com.gunosy.android": 0.087460359922053782, "notification__id__com.google.android.gm": 0.079998212421522122, "activity__id__in_bicycle": 0.079987141471130951, "appLaunch__id__other": 0.060838760303895199}, "5 : 0.102816558658": {"time_day_1": 0.99996584835104552, "time_hour_16_0": 0.99896966870918347, "location__place__0": 0.99862717352636743, "activity__id__still": 0.37763669547833806, "notification__id__com.newspicks": 0.0886845519935269, "notification__id__com.facebook.katana": 0.080149485545033997, "activity__id__in_vehicle": 0.071755282622667282, "activity__id__tilting": 0.058418865578438957, "appLaunch__id__com.gunosy.android": 0.055482620045150283, "notification__id__jp.co.yahoo.android.locationlog": 0.054189929971085793, "notification__id__com.sonymobile.lifelog": 0.041491053066619162, "notification__id__com.otolatte": 0.03481860986165991, "notification__id__com.gunosy.android": 0.032204285623430078, "appLaunch__id__com.sonymobile.app.powerpredict": 0.02848586866603197, "appLaunch__id__com.sony.tvsideview.phone": 0.028437505264504913, "notification__id__com.kohei.android.pcmrecorder": 0.028280908630781483, "location__place__4": 0.028010192167175391, "notification__id__com.google.android.gm": 0.026068437928279127, "appLaunch__id__com.sonymobile.lifelog": 0.020064001958561326, "appLaunch__id__com.google.android.wearable.app": 0.017462765942977548}, "6 : 0.0920917161892": {"time_hour_16_0": 0.99890733295974155, "time_day_4": 0.99435066819630147, "location__place__20": 0.91326670615872529, "time_day_6": 0.33694967896394812, "activity__id__tilting": 0.2461950257121171, "activity__id__in_vehicle": 0.17372173312699418, "notification__id__com.google.android.gm": 0.12960283166383338, "notification__id__com.newspicks": 0.11720057253701369, "notification__id__com.otolatte": 0.1003791833554499, "time_day_2": 0.078474718966142346, "notification__id__com.news.rssfeedreader": 0.078004535997363039, "appLaunch__id__jp.gocro.smartnews.android": 0.073605238142053275, "appLaunch__id__com.gunosy.android": 0.054027634780965152, "notification__id__com.facebook.katana": 0.052026505795227426, "appLaunch__id__com.google.android.gm": 0.050702553166547364, "appLaunch__id__other": 0.045197969933850168, "notification__id__jp.co.yahoo.android.locationlog": 0.039977608984379659, "time_hour_0_9": 0.035150476671632361, "notification__id__com.twitter.android": 0.034955048831887603, "notification__id__com.gunosy.android": 0.034849211357705565}, "7 : 0.0898162041604": {"location__place__1": 0.99978232691779523, "time_hour_9_16": 0.99971059370442461, "time_day_6": 0.99946407278097715, "appLaunch__id__com.nike.plusgps": 0.13368234572082757,