{"k": {"0 : 0.0784149287698": {"time_day_5": 0.99950899101131474, "notification__id__com.latedroid.juicedefender": 0.99781132891490509, "appLaunch__id__jp.r246.twicca": 0.9954240618150989, "location__place__0": 0.98260275461219848, "time_day_2": 0.97539620943767325, "time_hour_16_0": 0.93171517465015652, "time_hour_0_9": 0.74189446356286015, "activity__id__tilting": 0.18082779685805092, "appLaunch__id__jp.co.yahoo.android.sports.npb.textlive": 0.076834879464294098, "appLaunch__id__jp.co.fenrir.android.sleipnir": 0.049994260435770058, "appLaunch__id__com.newspicks": 0.044253865152070249, "appLaunch__id__com.sonyericsson.organizer": 0.040656587943439307, "location__place__3": 0.034601924230443934, "activity__id__in_vehicle": 0.033929387035463374, "notification__id__com.cleanmaster.mguard": 0.029068536987806731, "notification__id__jp.r246.twicca": 0.02732350694244471, "appLaunch__id__jp.gocro.smartnews.android": 0.025651854467212663, "notification__id__jp.gocro.smartnews.android": 0.024221093427227704, "notification__id__com.sonyericsson.music": 0.02386220602970052, "notification__id__com.google.android.gm": 0.02347959242997881}, "1 : 0.0972506675106": {"time_day_2": 0.99939895442829807, "time_hour_9_16": 0.99900638901889482, "activity__id__still": 0.34057727288520034, "location__place__1": 0.25257165529463133, "notification__id__com.facebook.katana": 0.19472037057895025, "notification__id__jp.co.nttdocomo.carriermail": 0.16426593010543755, "appLaunch__id__other": 0.10441168931001683, "notification__id__com.gunosy.android": 0.080385033712721307, "notification__id__com.sony.nfx.app.sfrc": 0.063325161985769707, "notification__id__jp.gocro.smartnews.android": 0.061005665975678483, "appLaunch__id__com.sntown.snchat": 0.054202048684159725, "appLaunch__id__jp.co.nttdocomo.carriermail": 0.054007161794618681, "appLaunch__id__jp.co.fenrir.android.sleipnir": 0.050815021445602064, "notification__id__com.cleanmaster.mguard": 0.038717038103501314, "notification__id__jp.r246.twicca": 0.025609882936874429, "appLaunch__id__jp.gocro.smartnews.android": 0.023760551564528463, "notification__id__com.newspicks": 0.023671161908308168, "notification__id__com.google.android.gm": 0.022660410724745617, "location__place__4": 0.021979667183581776, "appLaunch__id__com.sonyericsson.organizer": 0.020568827733293327}, "2 : 0.0991363623096": {"time_hour_16_0": 0.99976681840804216, "time_day_6": 0.99964127648473999, "location__place__0": 0.99670555545305972, "appLaunch__id__jp.r246.twicca": 0.4434785239282355, "activity__id__still": 0.11511795941726666, "appLaunch__id__jp.co.yahoo.android.sports.npb.textlive": 0.10309351736416532, "notification__id__com.gunosy.android": 0.076923274995658555, "appLaunch__id__jp.co.fenrir.android.sleipnir": 0.071341436315408027, "appLaunch__id__other": 0.070928404807715256, "notification__id__com.facebook.katana": 0.066285708892262651, "appLaunch__id__jp.jravan.ar": 0.065245158534016384, "appLaunch__id__com.sony.sensing.has.activitypug": 0.037491338975165364, "notification__id__jp.naver.line.android": 0.032037673604384927, "appLaunch__id__wni.WeathernewsTouch.jp": 0.030868912031957178, "notification__id__com.cleanmaster.mguard": 0.027287612203765063, "appLaunch__id__com.baseballnanj.app": 0.026386385526280691, "location__place__8": 0.022878283455024045, "appLaunch__id__jp.gocro.smartnews.android": 0.019899461976893684, "notification__id__other": 0.018035797868587854, "notification__id__jp.gocro.smartnews.android": 0.01758590339895361}, "3 : 0.109948176003": {"time_hour_0_9": 0.99991370019916759, "time_day_3": 0.99798156645806069, "notification__id__com.facebook.katana": 0.18355155743963547, "notification__id__other": 0.083995249471320033, "notification__id__com.sonyericsson.organizer": 0.055160404899537073, "location__place__1": 0.036039582614957391, "appLaunch__id__com.sony.nfx.app.sfrc2": 0.035248698591589668, "appLaunch__id__com.sntown.snchat": 0.035197186199798586, "notification__id__com.sntown.snchat": 0.03441337951044636, "appLaunch__id__com.facebook.katana": 0.032405777682548785, "notification__id__jp.radiko.Player": 0.031979581307081867, "appLaunch__id__jp.naver.line.android": 0.02814172530514485, "appLaunch__id__jp.co.yahoo.android.apps.transit": 0.025903677902981558, "notification__id__jp.co.nttdocomo.carriermail": 0.025629917817680377, "appLaunch__id__jp.co.nttdocomo.carriermail": 0.02278237884689514, "location__place__17": 0.021599833757528556, "location__place__2": 0.020506614206420748, "location__place__6": 0.02029311953581734, "appLaunch__id__jp.co.yahoo.android.sports.npb.textlive": 0.019334541254629928, "notification__id__jp.gocro.smartnews.android": 0.018093958659777573}, "4 : 0.0973555652488": {"time_hour_9_16": 0.99954288260885216, "time_day_1": 0.99929014980434927, "appLaunch__id__jp.r246.twicca": 0.99571233516889623, "location__place__1": 0.25609852144164402, "activity__id__tilting": 0.12938225086967287, "time_day_0": 0.128791618794135, "appLaunch__id__other": 0.074889935680331046, "notification__id__com.gunosy.android": 0.074796090543365071, "notification__id__com.latedroid.juicedefender": 0.073087582853365141, "location__place__20": 0.056321740417429142, "appLaunch__id__jp.co.fenrir.android.sleipnir": 0.049124227483413871, "notification__id__com.facebook.katana": 0.045039254612562397, "notification__id__jp.co.nttdocomo.carriermail": 0.035507475076664137, "location__place__16": 0.025572813925861977, "notification__id__com.sony.nfx.app.sfrc": 0.025342059135095601, "activity__id__on_foot": 0.023773094646621414, "appLaunch__id__com.newspicks": 0.022973253199953043, "location__place__18": 0.019594124107755628, "notification__id__jp.co.ejan.cachatto.securebrowser2": 0.01956214093285507, "appLaunch__id__jp.gocro.smartnews.android": 0.019557271417442838}, "5 : 0.0827452890525": {"time_hour_9_16": 0.99998572655543994, "time_day_6": 0.99924040318112195, "notification__id__com.latedroid.juicedefender": 0.99890674341802677, "location__place__20": 0.99785773419399648, "activity__id__tilting": 0.99662088884167988, "activity__id__still": 0.28615596794923576, "appLaunch__id__jp.r246.twicca": 0.22167935897867588, "time_day_3": 0.17137886782686179, "appLaunch__id__other": 0.15069750644273358, "appLaunch__id__jp.jravan.ar": 0.12804340571640635, "appLaunch__id__jp.co.fenrir.android.sleipnir": 0.088200239881305126, "appLaunch__id__com.sonyericsson.android.socialphonebook": 0.058189102879617871, "appLaunch__id__com.nike.plusgps": 0.055215391976770167, "activity__id__in_vehicle": 0.053311679398685051, "notification__id__jp.co.nttdocomo.carriermail": 0.048448917781168471, "notification__id__com.gunosy.android": 0.045371679642649813, "time_day_0": 0.043069322844850828, "notification__id__other": 0.043018947326214599, "notification__id__com.newspicks": 0.042300643728003108, "appLaunch__id__jp.co.nttdocomo.carriermail": 0.036971984987050406}, "6 : 0.108031645035": {"location__place__0": 0.99978884765996634, "time_hour_0_9": 0.99955130353857302, "activity__id__still": 0.99897141894478803, "appLaunch__id__jp.r246.twicca": 0.71917449692908253, "time_day_4": 0.65696543170225774, "notification__id__com.latedroid.juicedefender": 0.53474651147266761, "time_day_1": 0.30243875787339625, "activity__id__tilting": 0.10871002292624785, "notification__id__com.sonyericsson.organizer": 0.077494156120831936, "notification__id__com.cleanmaster.security": 0.07289769623340682, "notification__id__jp.gocro.smartnews.android": 0.061872077561513215, "notification__id__jp.r246.twicca": 0.061419576909723481, "appLaunch__id__jp.co.fenrir.android.sleipnir": 0.051667623687394706, "appLaunch__id__jp.co.yahoo.android.apps.transit": 0.03901324204389757, "appLaunch__id__jp.gocro.smartnews.android": 0.038398057253727004, "appLaunch__id__com.baseballnanj.app": 0.037290832767300483, "appLaunch__id__com.sonyericsson.organizer": 0.030798616639118731, "time_day_0": 0.027975183874559967, "appLaunch__id__other": 0.023737150769330334,