{"k": {"0 : 0.149618744175": {"location__place__0": 0.9991139146173188, "time_hour_0_9": 0.9987841307284856, "time_day_3": 0.29484717606965072, "time_day_5": 0.23810901058851477, "time_day_4": 0.2076677761474835, "time_day_2": 0.16928070056642966, "appLaunch__id__jp.co.yahoo.android.yauction": 0.1208781534157949, "appLaunch__id__other": 0.11390763302765269, "appLaunch__id__wni.WeathernewsTouch.jp": 0.079806534789104711, "time_day_0": 0.064331552188752542, "appLaunch__id__com.sony.tvsideview.phone": 0.055030428175265669, "appLaunch__id__com.sonymobile.lifelog": 0.054523589872186612, "appLaunch__id__com.android.calendar": 0.02873051899933286, "bluetoothPaired__device__MARVERA": 0.025501305926783142, "notification__id__other": 0.024760715092269042, "appLaunch__id__com.android.email": 0.023300249471680665, "appLaunch__id__aobo.highway": 0.02299473344594076, "location__place__16": 0.022544820753608918, "bluetoothPaired__device__CA003": 0.021951066967488549, "appLaunch__id__com.sony.drbd.reader.other.jp": 0.020907130522637107}, "1 : 0.0917056416752": {"time_hour_9_16": 0.99928066456124309, "location__place__1": 0.99766021673180239, "time_day_1": 0.99755049632434067, "appLaunch__id__com.android.calendar": 0.22591954442406287, "appLaunch__id__jp.co.yahoo.android.yauction": 0.21737744447919549, "appLaunch__id__other": 0.15123689127189535, "appLaunch__id__com.sonymobile.lifelog": 0.080458191372443394, "appLaunch__id__com.sony.sensing.has.activitypug": 0.072778123937176031, "time_day_4": 0.056059827702236872, "location__place__9": 0.046300077594578277, "appLaunch__id__com.android.chrome": 0.043811601779792611, "activity__id__in_vehicle": 0.04122920454446688, "bluetoothPaired__device__BARONE": 0.03846606125202242, "bluetoothPaired__device__RZ-1500": 0.036394368822787362, "location__place__4": 0.031418999629060154, "location__place__16": 0.030012935412410482, "location__place__18": 0.029697212568730053, "location__place__17": 0.02932797392440541, "location__place__11": 0.028716207581481596, "appLaunch__id__jp.co.rakuten.android": 0.028435842753357012}, "2 : 0.107013663867": {"time_day_4": 0.99981433909230921, "time_hour_16_0": 0.99798184019490233, "appLaunch__id__com.android.calendar": 0.22502794030007195, "activity__id__tilting": 0.18438243871034496, "appLaunch__id__other": 0.14868645901758476, "notification__id__com.android.calendar": 0.094430134531391791, "notification__id__jp.co.yahoo.android.emg": 0.08163679713560365, "activity__id__still": 0.064700109883790685, "appLaunch__id__wni.WeathernewsTouch.jp": 0.061828945477732759, "time_day_0": 0.055284482788412435, "appLaunch__id__com.sonymobile.lifelog": 0.052361143732278299, "appLaunch__id__jp.co.yahoo.android.yauction": 0.049478629071719141, "appLaunch__id__com.android.settings": 0.040054052573987683, "notification__id__jp.co.rakuten.pointclub.android": 0.038745654152073428, "activity__id__in_vehicle": 0.038063559671516582, "location__place__3": 0.037861142095752434, "appLaunch__id__jp.co.rakuten.pointclub.android": 0.034977692059979471, "bluetoothPaired__device__6b2e69-bt": 0.030944295271345956, "notification__id__com.facebook.katana": 0.030757720034202504, "appLaunch__id__com.android.chrome": 0.029589014334017023}, "3 : 0.108375072706": {"time_day_0": 0.99889675895304464, "time_hour_9_16": 0.99873554961533784, "location__place__0": 0.9924017616552907, "time_day_5": 0.32694828200308046, "activity__id__tilting": 0.27926093649725769, "appLaunch__id__jp.co.yahoo.android.yauction": 0.22337891959916928, "appLaunch__id__wni.WeathernewsTouch.jp": 0.10329432412325616, "appLaunch__id__com.android.email": 0.069178867898267049, "appLaunch__id__com.facebook.katana": 0.060944220206372871, "appLaunch__id__com.sonymobile.lifelog": 0.038201969132814123, "bluetoothPaired__device__One": 0.031001675890006117, "location__place__15": 0.028932690194981493, "appLaunch__id__com.android.chrome": 0.025514772115621705, "appLaunch__id__other": 0.024092661354908985, "notification__id__com.facebook.katana": 0.02360377463269837, "appLaunch__id__com.felicanetworks.mfm": 0.022326073754103899, "time_day_4": 0.021989689719697468, "notification__id__com.android.calendar": 0.02065857369107893, "location__place__5": 0.019830571241986977, "appLaunch__id__com.sony.drbd.reader.other.jp": 0.01804626133711338}, "4 : 0.0936633243078": {"time_day_5": 0.99940402266638484, "location__place__20": 0.99924825749333301, "time_hour_16_0": 0.99460776074383928, "appLaunch__id__other": 0.33926350267750194, "activity__id__tilting": 0.20029915865732684, "appLaunch__id__com.google.android.apps.maps": 0.11664916880074203, "appLaunch__id__com.android.chrome": 0.050871692686926727, "appLaunch__id__com.sony.tvsideview.phone": 0.044490893753122443, "time_day_2": 0.043486701178747832, "appLaunch__id__jp.co.yahoo.android.yauction": 0.037216443122358701, "time_hour_0_9": 0.035807825499296231, "time_day_1": 0.029248949066405801, "bluetoothPaired__device__T003": 0.029181212120301558, "location__place__17": 0.028678480911965749, "notification__id__com.sony.tvsideview.phone": 0.027843288067432602, "location__place__16": 0.025624740813887475, "activity__id__in_vehicle": 0.025612071516630003, "appLaunch__id__aobo.highway": 0.023412261810170015, "notification__id__jp.co.fsi.fs1seg": 0.022878358185726637, "location__place__8": 0.022645821566157458}, "5 : 0.0924420799374": {"time_hour_9_16": 0.99942769508954554, "time_day_2": 0.99928335516797429, "appLaunch__id__com.android.calendar": 0.61818255628658514, "location__place__1": 0.10786938577939094, "activity__id__still": 0.098789003748255291, "activity__id__tilting": 0.092197253402359819, "appLaunch__id__com.android.email": 0.086405474588596862, "appLaunch__id__jp.co.yahoo.android.yauction": 0.062779722352497153, "appLaunch__id__com.android.chrome": 0.055713870824182415, "appLaunch__id__com.sony.drbd.reader.other.jp": 0.045205610252901388, "appLaunch__id__jp.co.rakuten.android": 0.039026986801613039, "activity__id__in_bicycle": 0.037434913370233996, "location__place__8": 0.035583282858014348, "location__place__2": 0.034528890595668084, "appLaunch__id__other": 0.033191934416199408, "notification__id__jp.co.yahoo.android.emg": 0.028986561256803125, "location__place__6": 0.025917913278455038, "appLaunch__id__com.facebook.katana": 0.025260472450714291, "location__place__18": 0.024442948282106917, "notification__id__jp.co.rakuten.pointclub.android": 0.024413131437055344}, "6 : 0.0863908460135": {"time_hour_16_0": 0.99899527227807183, "time_day_3": 0.99285411307520754, "location__place__1": 0.98847342460260557, "time_day_2": 0.25894503868285085, "appLaunch__id__wni.WeathernewsTouch.jp": 0.11053430321063587, "appLaunch__id__com.sonymobile.lifelog": 0.095223181258110079, "appLaunch__id__jp.co.rakuten.pointclub.android": 0.088176509266150269, "appLaunch__id__com.android.email": 0.067211152616585543, "appLaunch__id__other": 0.062453913724588972, "time_day_0": 0.059339387057937593, "activity__id__tilting": 0.049999258980832934, "location__place__19": 0.047493496220208646, "appLaunch__id__com.android.calendar": 0.04078743317615624, "activity__id__on_foot": 0.040697674352795608, "location__place__15": 0.038009012560022988, "notification__id__com.twitter.android": 0.03690937355264954, "appLaunch__id__com.blogspot.sakaneya.xbandradar": 0.034928570605250245, "appLaunch__id__com.android.chrome": 0.032495928952627318, "location__place__17": 0.032264482259043201, "appLaunch__id__com.sony.drbd.reader.other.jp": 0.031667114698767741}, "7 : 0.0909932569898": {"location__place__20": 0.99976090881234647, "time_hour_9_16": 0.99894503290969672, "time_day_6": 0.95985310578445981, "appLaunch__id__com.google.android.apps.maps": 0.35840666003739752, "activity__id__still": 0.29937631486997879, "time_day_3": 0.16395932754417861, "notification__id__com.google.android.apps.maps": 0.11780491206617795, "appLaunch__id__other": 0.082626029270730816, "location__place__2": 0.068864228075023334, "time_hour_0_9": 0.063564784308196287,