{"k": {"0 : 0.142477093024": {"notification__id__com.google.android.gm": 0.99977155445841692, "time_hour_0_9": 0.99956472235661487, "time_day_2": 0.30138180191643116, "time_day_3": 0.19078434394718483, "time_day_4": 0.18201431644918192, "time_day_0": 0.17335132390721053, "time_day_1": 0.13541200335763612, "time_day_5": 0.063967902524040263, "notification__id__jp.gocro.smartnews.android": 0.059417808283434285, "location__place__15": 0.019859294716526501, "location__place__12": 0.01481110013921912, "appLaunch__id__jp.co.ejan.cachatto.securebrowser2": 0.012965401799111227, "bluetoothPaired__device__JPC00085965": 0.012490299250191336, "appLaunch__id__com.sonymobile.lifelog.logger.viewer": 0.011519121895711611, "notification__id__com.gunosy.android": 0.010271197973986988, "notification__id__com.foursquare.robin": 0.010147563351048524, "appLaunch__id__com.sony.tvsideview.phone": 0.0097314861649408623, "bluetoothPaired__device__JPC20138346": 0.0096937868922108324, "appLaunch__id__com.rookiestudio.perfectviewer": 0.0096105925662932565, "bluetoothPaired__device__JPC00133580": 0.0092777861554461452}, "1 : 0.0995938938052": {"time_hour_9_16": 0.99994488853494612, "time_day_3": 0.99981202574110295, "location__place__0": 0.99343659073591584, "notification__id__com.google.android.gm": 0.40526224729011034, "activity__id__still": 0.24376823822501628, "activity__id__tilting": 0.198025894016752, "notification__id__com.sonymobile.lifelog": 0.15281566789018491, "time_day_0": 0.12981017556553409, "time_day_5": 0.1263683937737391, "notification__id__com.sony.tvsideview.phone": 0.090595401551727212, "activity__id__in_vehicle": 0.059495255651630399, "activity__id__on_foot": 0.031812286773474932, "location__place__19": 0.030841068998402658, "notification__id__com.access_company.android.sh_jumpplus": 0.03028874853599408, "appLaunch__id__com.facebook.katana": 0.023499974468254074, "location__place__4": 0.022274801458458768, "appLaunch__id__com.sony.sensing.has.activitypug": 0.019025883104323578, "appLaunch__id__com.android.settings": 0.017446759063783998, "notification__id__com.facebook.katana": 0.017426771691968448, "appLaunch__id__com.mxtech.videoplayer.pro": 0.017388325838683542}, "2 : 0.0966823914392": {"time_day_5": 0.99963155866808517, "time_hour_16_0": 0.99815097769363681, "location__place__20": 0.63359572187299418, "notification__id__jp.co.yahoo.android.locationlog": 0.35516722807448575, "activity__id__tilting": 0.23705556030206981, "notification__id__jp.gocro.smartnews.android": 0.10757708761934139, "notification__id__com.google.android.gm": 0.090465431364381482, "notification__id__com.foursquare.robin": 0.088785790858308206, "activity__id__in_vehicle": 0.07267720162792865, "notification__id__com.facebook.katana": 0.040187255419104388, "appLaunch__id__com.rookiestudio.perfectviewer": 0.036353534860130807, "bluetoothPaired__device__ ": 0.025649382950670312, "appLaunch__id__jp.naver.line.android": 0.023838658393865113, "location__place__4": 0.021027702384213566, "bluetoothPaired__device__JPC20123242": 0.019077278043470491, "location__place__14": 0.019024176095710384, "appLaunch__id__com.android.chrome": 0.017738232865210542, "appLaunch__id__other": 0.017724514186542247, "appLaunch__id__com.sonyericsson.android.socialphonebook": 0.017217583112956614, "location__place__19": 0.016897510876440244}, "3 : 0.0888273049561": {"time_day_2": 0.99988074581371256, "time_hour_9_16": 0.99963114163464573, "location__place__1": 0.998884720958783, "activity__id__tilting": 0.41956582422057259, "notification__id__com.sonymobile.lifelog": 0.39453236740994746, "activity__id__still": 0.14468498631513077, "appLaunch__id__com.sonymobile.lifelog": 0.14076759268169248, "activity__id__in_vehicle": 0.090602020690343871, "notification__id__com.google.android.gm": 0.079313758181433561, "appLaunch__id__com.android.settings": 0.050696999070448896, "notification__id__com.calm.checky": 0.043535651520791911, "appLaunch__id__jp.co.yahoo.android.locationlog": 0.036052878704894362, "notification__id__jp.gocro.smartnews.android": 0.032165513716488056, "appLaunch__id__com.echofon": 0.030080784236713499, "bluetoothPaired__device__JPC20121573": 0.029163289566129402, "bluetoothPaired__device__JPC00140757": 0.024358116188386084, "notification__id__com.amazon.kindle": 0.023666951895644599, "location__place__3": 0.020466979614832875, "notification__id__jp.co.yahoo.android.locationlog": 0.019678732560438429, "appLaunch__id__jp.naver.line.android": 0.019616138985880122}, "4 : 0.0807227246574": {"time_day_6": 0.99952160704870086, "notification__id__com.google.android.gm": 0.99910605772778371, "time_hour_0_9": 0.95490388964245643, "time_hour_9_16": 0.26507163111174087, "notification__id__jp.gocro.smartnews.android": 0.096274983253651733, "location__place__20": 0.058395324123611189, "location__place__2": 0.045967045961307872, "notification__id__com.facebook.katana": 0.038951973636932979, "appLaunch__id__com.sonyericsson.android.socialphonebook": 0.03764741971113799, "appLaunch__id__jp.co.ejan.cachatto.securebrowser2": 0.02551450686374248, "location__place__8": 0.025404651712106298, "notification__id__com.sony.tvsideview.phone": 0.022117427065890337, "appLaunch__id__com.sony.tvsideview.phone": 0.018626829955145394, "appLaunch__id__jp.gocro.smartnews.android": 0.016577799481839864, "bluetoothPaired__device__JPC20119436": 0.015467772216023926, "activity__id__in_bicycle": 0.015049323387430711, "notification__id__com.sonyericsson.androidapp.appnavi": 0.014772790593177479, "appLaunch__id__com.android.chrome": 0.014427538513169892, "appLaunch__id__com.sony.sensing.has.activitypug": 0.014260475057780244, "notification__id__jp.co.ejan.cachatto.securebrowser2": 0.013326122176739202}, "5 : 0.0927564288259": {"time_day_0": 0.99984938072126506, "time_hour_16_0": 0.99758177134155612, "location__place__1": 0.97168421321709209, "activity__id__still": 0.17267710423457761, "appLaunch__id__com.android.settings": 0.12501617148881861, "activity__id__in_vehicle": 0.11163478979983657, "appLaunch__id__com.sonymobile.lifelog": 0.10170254558403841, "appLaunch__id__com.sonyericsson.android.socialphonebook": 0.089835730404991404, "appLaunch__id__com.sony.sensing.has.activitypug": 0.075172680139124801, "appLaunch__id__other": 0.044703711448435171, "appLaunch__id__com.sonymobile.lifelog.logger.viewer": 0.03331745087461413, "notification__id__com.google.android.gm": 0.029576133865478482, "notification__id__jp.co.yahoo.android.locationlog": 0.026197435817135538, "notification__id__jp.gocro.smartnews.android": 0.025449222968929611, "location__place__11": 0.023636408849883498, "notification__id__jp.syoboi.android.rotatecontrol": 0.019990243883434386, "location__place__6": 0.017910078061866844, "notification__id__com.google.android.calendar": 0.017159372243065959, "bluetoothPaired__device__JPC00085965": 0.016606007037127529, "location__place__12": 0.016047457356080021}, "6 : 0.109862611261": {"time_hour_9_16": 0.99984400396428641, "time_day_1": 0.99906506022114461, "notification__id__jp.co.yahoo.android.locationlog": 0.43431988610144578, "notification__id__com.sonymobile.lifelog": 0.17474128076411188, "time_day_4": 0.096542825106759531, "notification__id__com.sony.tvsideview.phone": 0.072106632273069182, "notification__id__jp.gocro.smartnews.android": 0.068853591141259884, "notification__id__com.calm.checky": 0.049604810814386217, "notification__id__com.google.android.gm": 0.038894304281576711, "appLaunch__id__com.sonymobile.lifelog": 0.037759805310181194, "appLaunch__id__com.sony.sensing.has.activitypug": 0.018329364211105335, "notification__id__com.agilebits.onepassword": 0.018313835902093838, "location__place__11": 0.017315929829523308, "location__place__16": 0.017058377479813071, "bluetoothPaired__device__JPC00134294": 0.015401734824512386, "bluetoothPaired__device__Nike+ FuelBand SE": 0.01538411254032882, "appLaunch__id__com.sony.activityengine.app.fusedvehicledetectorapp": 0.015022914368423772,