{"k": {"0 : 0.101234121121": {"time_day_1": 0.99972513010237363, "time_hour_9_16": 0.99905491463275908, "notification__id__com.google.android.gm": 0.74361683400842971, "appLaunch__id__jp.co.yahoo.android.news": 0.15329696263138506, "notification__id__com.sony.tvsideview.phone": 0.11689182210139143, "activity__id__tilting": 0.076527998440091186, "notification__id__jp.gocro.smartnews.android": 0.064356598782791569, "notification__id__jp.co.yahoo.android.news": 0.050719122231171886, "location__place__1": 0.041600335407637676, "location__place__20": 0.034657852534235853, "location__place__2": 0.032826267016443138, "activity__id__in_vehicle": 0.029910541554285439, "activity__id__on_foot": 0.019605005702961524, "appLaunch__id__com.android.vending": 0.018406364771626927, "notification__id__com.tonchidot.tab": 0.016626874862001824, "notification__id__com.sonymobile.lifelog": 0.016392487791147239, "appLaunch__id__com.boatbrowser.free": 0.014942933868845952, "notification__id__other": 0.013516689890930605, "bluetoothPaired__device__JPC20133381": 0.012622388934993246, "location__place__19": 0.012380454691181431}, "1 : 0.0896755758642": {"time_hour_0_9": 0.99955235045620361, "notification__id__com.sonymobile.lifelog": 0.9976324458453798, "time_day_5": 0.99608961799850659, "time_day_0": 0.13841565041460535, "appLaunch__id__jp.co.yahoo.android.apps.transit": 0.047640100854617014, "notification__id__jp.gocro.smartnews.android": 0.031542488106700177, "bluetoothPaired__device__JPC20123242": 0.026296687650765982, "activity__id__tilting": 0.024508865938195845, "location__place__20": 0.018993221780441313, "notification__id__com.square_enix.Android_dqmsuperlight": 0.017656889948855881, "bluetoothPaired__device__GL07S_GL07S\u3000takamatsu": 0.017019091537319633, "time_day_4": 0.01677146112534382, "bluetoothPaired__device__JPC00133580": 0.014208444867519798, "bluetoothPaired__device__Nike+ FuelBand SE": 0.01298432065100278, "bluetoothPaired__device__JPC00085965": 0.012958210200055158, "notification__id__com.sony.tvsideview.phone": 0.012589367120099467, "bluetoothPaired__device__JPC00149776": 0.012100878529447559, "bluetoothPaired__device__JPC20121443": 0.011889843664853239, "appLaunch__id__com.sony.sensing.has.activitypug": 0.011888766583776541, "bluetoothPaired__device__JPC20133381": 0.01166307516622913}, "2 : 0.0895833546873": {"time_day_5": 0.99964000517507168, "location__place__0": 0.99933496737356498, "time_hour_16_0": 0.99921276042941576, "activity__id__still": 0.99864352679402713, "appLaunch__id__jp.co.mixi.monsterstrike": 0.3307135925735416, "notification__id__jp.naver.line.android": 0.20859127953780249, "appLaunch__id__jp.naver.line.android": 0.2079648586091008, "notification__id__jp.co.yahoo.android.news": 0.059389463977913649, "notification__id__com.sonymobile.lifelog": 0.038777526959748301, "notification__id__jp.gocro.smartnews.android": 0.035480365288766566, "appLaunch__id__com.boatbrowser.free": 0.034853707570010377, "appLaunch__id__com.sony.drbd.reader.other.jp": 0.03399658915673999, "notification__id__net.slideshare.mobile": 0.026769933776899485, "location__place__5": 0.025420911451895723, "appLaunch__id__com.google.android.gm": 0.021266601591483136, "appLaunch__id__com.sony.voyagent.mixs.packager": 0.020951733243357862, "notification__id__com.square_enix.Android_dqmsuperlight": 0.019220397006086361, "notification__id__com.google.android.gm": 0.018247480320478598, "location__place__13": 0.017372498241760861, "location__place__12": 0.016428247389026356}, "3 : 0.125554011901": {"time_hour_0_9": 0.99978097161495394, "location__place__0": 0.99971799898254776, "activity__id__still": 0.99945125636829713, "time_day_6": 0.42319184506044477, "appLaunch__id__jp.co.mixi.monsterstrike": 0.28371271674848986, "notification__id__com.sonymobile.lifelog": 0.26273792746034291, "time_day_0": 0.25981054621534028, "time_day_1": 0.20818733896946306, "time_day_4": 0.18121010465258822, "appLaunch__id__com.boatbrowser.free": 0.13225674924268993, "appLaunch__id__jp.naver.line.android": 0.059602286288554948, "appLaunch__id__com.sony.drbd.reader.other.jp": 0.059116820536375701, "notification__id__com.google.android.gm": 0.028597880077259875, "notification__id__com.sony.drbd.reader.other.jp": 0.027173426263875443, "appLaunch__id__com.android.vending": 0.022463781839350223, "notification__id__jp.naver.line.android": 0.021455561839034201, "notification__id__com.sony.activityengine.core": 0.019135866810875091, "location__place__10": 0.016931154894332848, "location__place__15": 0.014308610923612686, "location__place__13": 0.013993561857912793}, "4 : 0.104731063188": {"time_day_0": 0.99986746581827413, "time_hour_16_0": 0.99980385022457885, "location__place__1": 0.99891363661492871, "activity__id__still": 0.86995619136541003, "notification__id__com.google.android.gm": 0.40750022016112919, "time_day_1": 0.19564381645200338, "notification__id__jp.naver.line.android": 0.1398050812285429, "time_day_4": 0.12946814297516088, "notification__id__com.sonymobile.lifelog": 0.05202201738258963, "notification__id__jp.co.yahoo.android.news": 0.050764269505470805, "notification__id__jp.gocro.smartnews.android": 0.042546594042611435, "appLaunch__id__jp.naver.line.android": 0.037781848394808464, "appLaunch__id__com.sonymobile.lifelog": 0.03149050313265362, "location__place__7": 0.023105677931810488, "appLaunch__id__com.google.android.calendar": 0.020039816677630492, "notification__id__other": 0.017725459575824349, "appLaunch__id__com.android.calculator2": 0.016710644597119559, "appLaunch__id__com.android.vending": 0.01588524581544826, "appLaunch__id__jp.co.yahoo.android.apps.transit": 0.015810383430164131, "activity__id__in_bicycle": 0.014277620897286099}, "5 : 0.114037673893": {"time_hour_0_9": 0.99989922200717696, "notification__id__com.google.android.gm": 0.99967000882829571, "time_day_3": 0.99903980840441908, "time_day_2": 0.24543379104252949, "notification__id__jp.gocro.smartnews.android": 0.020493612934148996, "notification__id__jp.co.yahoo.android.news": 0.018729824609587605, "bluetoothPaired__device__other": 0.017444404422944117, "notification__id__com.twitter.android": 0.01671765757000241, "activity__id__in_bicycle": 0.016604610076343802, "appLaunch__id__com.sony.voyagent.mixs.packager": 0.015781888212502912, "bluetoothPaired__device__jpc00140540": 0.015595010227487769, "appLaunch__id__com.sony.sensing.has.activitypug": 0.013660253895589513, "bluetoothPaired__device__MATSUZAWA-DEV_dev-ubuntu-0": 0.011988060559522423, "appLaunch__id__com.google.android.GoogleCamera": 0.011630401497894868, "appLaunch__id__com.sony.voyagent.mixs.launcher2": 0.010352016208474774, "location__place__12": 0.0093610970496889045, "notification__id__com.square_enix.Android_dqmsuperlight": 0.0087346889672631715, "location__place__15": 0.0084599134216642845, "appLaunch__id__com.google.android.gm": 0.0078673648098322047, "bluetoothPaired__device__GNSS_Receiver": 0.0073434928197708086}, "6 : 0.103149227844": {"time_hour_9_16": 0.99991058950881062, "notification__id__com.google.android.gm": 0.99973542712628582, "time_day_4": 0.99933426140902692, "location__place__20": 0.14142278808891121, "time_day_0": 0.09053713190796786, "appLaunch__id__jp.co.yahoo.android.news": 0.074689103196258655, "notification__id__jp.co.yahoo.android.news": 0.067984922730414371, "notification__id__com.sony.tvsideview.phone": 0.0420124200319235, "notification__id__jp.gocro.smartnews.android": 0.035676954608348278, "activity__id__in_vehicle": 0.028719620600837964, "appLaunch__id__com.google.android.gm": 0.022020342875034744, "notification__id__com.sony.sensing.has.activitypug": 0.02071584379491799, "location__place__3": 0.017749817855305591, "notification__id__wni.WeathernewsTouch.jp": 0.015390212414926874, "location__place__2": 0.014749753538819591, "appLaunch__id__com.sony.voyagent.mixs.packager": 0.012770116617015491, "notification__id__com.kiwiwearables.app": 0.012744172617084137, "location__place__9": 0.012520756976779289,