{"k": {"0 : 0.105080558866": {"time_hour_9_16": 0.99969142882626638, "location__place__0": 0.99960809269674311, "notification__id__com.android.calendar": 0.99843170252489144, "time_day_1": 0.99824708659725392, "time_day_4": 0.45305095823633057, "activity__id__tilting": 0.42303862676056841, "appLaunch__id__org.mozilla.firefox": 0.3174094698980342, "activity__id__still": 0.21003006728593152, "appLaunch__id__com.android.calendar": 0.20095991419463022, "appLaunch__id__other": 0.059121306673438206, "appLaunch__id__com.google.android.gm": 0.031927163204706066, "bluetoothPaired__device__JPC00133580": 0.026056071597321671, "appLaunch__id__com.google.android.wearable.app": 0.025659767111681664, "notification__id__jp.co.fusioncom.smartalk.android": 0.024729879621337124, "appLaunch__id__com.android.vending": 0.023374653035213619, "appLaunch__id__com.google.android.keep": 0.021450487021089138, "appLaunch__id__com.sony.sensing.has.activitypug": 0.020528362172318543, "location__place__3": 0.020056731340352872, "bluetoothPaired__device__JPC00085965": 0.019993975912888363, "appLaunch__id__com.sony.activityengine.app.fusedvehicledetectorapp": 0.018769046425096247}, "1 : 0.0992693900711": {"time_day_5": 0.99978023699343121, "location__place__1": 0.99966772676412363, "time_hour_9_16": 0.99951369958168435, "activity__id__still": 0.41104839451429304, "time_day_3": 0.22051629758863134, "activity__id__tilting": 0.13724770351387039, "appLaunch__id__com.nianticproject.ingress": 0.1048856060620072, "notification__id__com.google.android.gm": 0.089601436654759212, "notification__id__com.facebook.katana": 0.074142728678989411, "appLaunch__id__com.google.android.wearable.app": 0.057053372981229443, "appLaunch__id__com.sony.activityengine.app.fusedvehicledetectorapp": 0.043026993836722358, "appLaunch__id__com.google.android.gm": 0.040265770665976627, "appLaunch__id__com.sony.sensing.has.activitypug": 0.035980869138587258, "appLaunch__id__org.mozilla.firefox": 0.030971164330946172, "activity__id__in_vehicle": 0.027260545767896778, "activity__id__on_foot": 0.02537535312553487, "bluetoothPaired__device__other": 0.024370854490870123, "notification__id__other": 0.022909612765458175, "appLaunch__id__jp.co.yahoo.android.apps.map": 0.022649604984411553, "appLaunch__id__com.android.chrome": 0.019822191430556649}, "2 : 0.107128881619": {"time_day_3": 0.99989263049964638, "time_hour_16_0": 0.99921458178550715, "location__place__0": 0.99716612903375523, "activity__id__tilting": 0.45780105588987235, "activity__id__still": 0.27486437289846538, "appLaunch__id__com.android.calendar": 0.13974031089154265, "appLaunch__id__org.mozilla.firefox": 0.093789277870114304, "notification__id__com.google.android.gm": 0.091797132299016412, "appLaunch__id__com.google.android.gm": 0.079664453757016071, "notification__id__com.android.calendar": 0.076364830062535333, "appLaunch__id__other": 0.068037189319635774, "appLaunch__id__com.sonyericsson.music": 0.064787725787743292, "notification__id__com.sonyericsson.music": 0.057695581771536802, "time_day_1": 0.05621629071059938, "appLaunch__id__jp.co.yahoo.android.apps.map": 0.039819393743026434, "notification__id__jp.co.fusioncom.smartalk.android": 0.031268172041237538, "notification__id__other": 0.029782485055813636, "appLaunch__id__com.sonyericsson.album": 0.022985549832670361, "notification__id__com.facebook.katana": 0.021939363729697497, "notification__id__com.amazon.venezia": 0.020087055625451638}, "3 : 0.103010616714": {"location__place__0": 0.99996338434713694, "time_day_0": 0.99990975330104181, "time_hour_9_16": 0.99943613660645247, "activity__id__still": 0.87350822215803592, "activity__id__tilting": 0.25396607695642381, "appLaunch__id__org.mozilla.firefox": 0.195885725580529, "appLaunch__id__com.google.android.gm": 0.090281972355716153, "appLaunch__id__other": 0.082573659057758458, "appLaunch__id__com.android.calendar": 0.067398450881918981, "notification__id__com.facebook.katana": 0.06628932039178817, "notification__id__com.google.android.gm": 0.051832900670725129, "appLaunch__id__com.sonyericsson.music": 0.047834603025388681, "notification__id__com.sonyericsson.music": 0.047744623932820182, "appLaunch__id__com.google.android.wearable.app": 0.034569896531633899, "bluetoothPaired__device__JPC20133381": 0.02548627207522941, "bluetoothPaired__device__other": 0.024331672576774224, "appLaunch__id__com.sonymobile.lifelog": 0.023743666593244138, "notification__id__com.android.calendar": 0.023036214133245681, "bluetoothPaired__device__Nexus 5": 0.02269909789472269, "notification__id__jp.vviki.android.SysLoadLogger": 0.019853627535951119}, "4 : 0.105064520736": {"time_hour_0_9": 0.99995140430174489, "notification__id__com.sonyericsson.extras.liveware": 0.99866278726926594, "time_day_5": 0.25226209049205489, "time_day_0": 0.23712922198990857, "time_day_2": 0.20924985773377722, "time_day_3": 0.16645255176056586, "notification__id__com.facebook.katana": 0.039576004081399926, "time_day_6": 0.021975480943050518, "notification__id__com.amazon.venezia": 0.020978943607395304, "notification__id__com.google.android.gm": 0.02034479946807467, "notification__id__jp.co.yahoo.android.apps.map": 0.018753578114361336, "appLaunch__id__com.sony.voyagent.mixs.launcher2": 0.018451637171590686, "notification__id__com.google.android.apps.inbox": 0.018117292082332589, "bluetoothPaired__device__Nexus 5_takamatsu Nexus 5": 0.017034614118181066, "appLaunch__id__jp.co.fusioncom.smartalk.android": 0.016665492688733408, "appLaunch__id__com.google.android.apps.maps": 0.014896670542319052, "appLaunch__id__com.sonymobile.lifelog": 0.014371844581791103, "location__place__8": 0.014128361278094338, "notification__id__jp.naver.line.android": 0.013358719225570323, "appLaunch__id__com.sonyericsson.music": 0.01319640114701223}, "5 : 0.102257093337": {"time_hour_16_0": 0.99970446110599398, "time_day_4": 0.99777798248026217, "activity__id__tilting": 0.78111885317957741, "location__place__1": 0.46063605254117473, "appLaunch__id__com.nianticproject.ingress": 0.45016576612675496, "appLaunch__id__org.mozilla.firefox": 0.30124888954972406, "appLaunch__id__com.google.android.gm": 0.24849189572669964, "notification__id__com.google.android.gm": 0.23827710717233602, "time_day_0": 0.16464574735043461, "location__place__20": 0.15389403855387901, "activity__id__on_foot": 0.13344011774547113, "activity__id__in_vehicle": 0.12911283830368112, "time_day_5": 0.1084817913568437, "location__place__2": 0.10292066385978925, "notification__id__com.google.android.apps.inbox": 0.068650387974811072, "location__place__3": 0.06240814817859959, "notification__id__com.google.android.apps.fitness": 0.026865576678052595, "appLaunch__id__jp.co.yahoo.android.apps.map": 0.02356258374466284, "location__place__13": 0.021219381951310567, "notification__id__com.facebook.katana": 0.017769077733557171}, "6 : 0.0916336263655": {"time_hour_0_9": 0.99991177228120731, "location__place__1": 0.99981700181610167, "activity__id__still": 0.99730853425845045, "time_day_1": 0.75237182110846978, "appLaunch__id__com.nianticproject.ingress": 0.15514844801179686, "time_day_2": 0.11345574198995825, "appLaunch__id__com.google.android.wearable.app": 0.10772605139991112, "notification__id__com.facebook.katana": 0.10366862812535378, "time_day_4": 0.07938001885086679, "appLaunch__id__com.google.android.gm": 0.059948302962325332, "time_day_3": 0.045703776152191948, "notification__id__com.google.android.gm": 0.04560499242279957, "notification__id__jp.co.yahoo.android.apps.map": 0.044515953000891506, "activity__id__on_foot": 0.042660375116408612, "time_day_0": 0.033640544872230435, "appLaunch__id__com.sonyericsson.album": 0.029302237846079895, "notification__id__com.sonyericsson.music": 0.027392631193574032, "location__place__2": 0.026925155419221108, "appLaunch__id__jp.co.yahoo.android.apps.map": 0.02632510534404443, "activity__id__tilting": 0.026159595003953727}, "7 : 0.102843761651": {"time_day_2": 0.99989259883379744, "location__place__0": 0.99967785187567892,