{"k": {"0": {"appLaunch__id__com.android.calendar": 0.99909122085175728, "notification__id__com.android.calendar": 0.99890711747031513, "location__place__0": 0.99861630240542465, "time_hour_9_16": 0.99833799638961551, "time_day_1": 0.99190333897145788, "time_day_4": 0.98450940735902204, "activity__id__tilting": 0.37106356300953897, "activity__id__still": 0.33432038195303648, "location__place__6": 0.098714743824536766, "bluetoothPaired__device__JPC20146151": 0.081842162579514835, "appLaunch__id__com.sonymobile.lifelog": 0.079619929786157437, "notification__id__com.google.android.keep": 0.062208078143811484, "notification__id__com.facebook.katana": 0.061181112724353753, "bluetoothPaired__device__Nike+ FuelBand SE": 0.059133371720515963, "notification__id__com.amazon.venezia": 0.058150705017407697, "appLaunch__id__other": 0.046921255670756903, "notification__id__com.amazon.kindle": 0.038675540757983497, "notification__id__com.nianticproject.ingress": 0.030633703845456078, "appLaunch__id__com.sony.voyagent.mixs.mixswear": 0.030429364531898005, "location__place__19": 0.030096111902969715}, "1": {"time_hour_0_9": 0.99987242661670628, "notification__id__com.sonyericsson.extras.liveware": 0.99654075820431742, "time_day_6": 0.99595345277530578, "time_day_1": 0.9736356431412464, "location__place__1": 0.95766475452210309, "time_day_2": 0.25111415889070515, "activity__id__still": 0.22962288977189116, "notification__id__com.amazon.venezia": 0.12064422403930972, "notification__id__org.mozilla.firefox": 0.087245184551994662, "notification__id__jp.naver.line.android": 0.068425520227443387, "bluetoothPaired__device__JPC20315716": 0.066790367167835277, "location__place__11": 0.05039411374296951, "time_hour_16_0": 0.048301179988894508, "bluetoothPaired__device__JPC20138346": 0.047911017283008575, "location__place__5": 0.046659778031700835, "time_day_3": 0.045912283802196543, "location__place__10": 0.043688005969200187, "bluetoothPaired__device__Xperia Z2": 0.040174274219498776, "location__place__17": 0.037782857668057231, "bluetoothPaired__device__JPC20113787": 0.035002228351306973}, "2": {"location__place__20": 0.99981450668501481, "activity__id__on_foot": 0.999523748912863, "notification__id__com.google.android.gm": 0.9995170539362781, "notification__id__com.google.android.apps.inbox": 0.99918603825888574, "location__place__2": 0.9991223666186434, "appLaunch__id__com.google.android.gm": 0.99898256692330989, "appLaunch__id__com.nianticproject.ingress": 0.99826211400273757, "activity__id__in_vehicle": 0.9970092581650376, "appLaunch__id__org.mozilla.firefox": 0.99366197692962444, "notification__id__com.google.android.apps.fitness": 0.96785240190411304, "time_hour_16_0": 0.90197067065300418, "time_day_1": 0.87585176510191254, "activity__id__tilting": 0.73670961485565112, "location__place__1": 0.71861285998461411, "time_day_5": 0.68218988581134943, "location__place__3": 0.51089832387875611, "time_hour_0_9": 0.4180416489264166, "appLaunch__id__com.sonyericsson.music": 0.40122553611915818, "activity__id__still": 0.30496027160579681, "time_day_2": 0.21543123859429913}, "3": {"time_hour_0_9": 0.99999342695202487, "notification__id__com.sonyericsson.extras.liveware": 0.99957168579563183, "time_day_5": 0.9982178668498275, "time_day_0": 0.99649109304443773, "notification__id__com.facebook.katana": 0.98796911092834439, "time_day_2": 0.089609079522994739, "notification__id__com.google.android.apps.maps": 0.071875774408672405, "location__place__5": 0.064895840467274993, "bluetoothPaired__device__JPC20113787": 0.060676224223239143, "location__place__15": 0.060384325835222172, "notification__id__com.amazon.venezia": 0.052853473083058183, "location__place__7": 0.050766780761492165, "location__place__1": 0.046633332164102682, "notification__id__jp.naver.line.android": 0.040171744339683089, "time_hour_9_16": 0.037465893014413179, "location__place__18": 0.036739805523109112, "notification__id__jp.co.nohana": 0.033079199565361386, "appLaunch__id__jp.co.yahoo.android.apps.map": 0.029049865282484572, "location__place__10": 0.028074065535543508, "location__place__8": 0.027450804035338151}, "4": {"notification__id__com.google.android.gm": 0.99965835124308788, "time_day_4": 0.9961165294638924, "notification__id__jp.gocro.smartnews.android": 0.99535701101290008, "time_day_0": 0.99254058676783274, "time_hour_16_0": 0.9836785894943908, "notification__id__other": 0.98117075087993066, "notification__id__com.android.calendar": 0.97925903471423303, "location__place__0": 0.63910758881387375, "appLaunch__id__com.sony.voyagent.mixs.mixswear": 0.2188905010604249, "activity__id__still": 0.16301512563395587, "appLaunch__id__jp.co.yahoo.android.apps.map": 0.1154515087863916, "activity__id__tilting": 0.107283632147751, "bluetoothPaired__device__ ": 0.072191879369428016, "location__place__5": 0.071690713018889407, "notification__id__com.amazon.kindle": 0.048605202492815754, "appLaunch__id__com.android.chrome": 0.046663731533650728, "bluetoothPaired__device__Xperia Z2": 0.044940631874660318, "bluetoothPaired__device__JPC20146151": 0.040135451464502814, "appLaunch__id__jp.co.fusioncom.smartalk.android": 0.039286839713364705, "bluetoothPaired__device__JPC00149776_JPC20132180": 0.035360655116280129}, "5": {"appLaunch__id__other": 0.99926901350693176, "appLaunch__id__com.sonyericsson.music": 0.99820680976179244, "appLaunch__id__com.sonyericsson.album": 0.99612013060571414, "notification__id__com.sonyericsson.music": 0.99342809833289503, "location__place__0": 0.9927131711116397, "appLaunch__id__org.mozilla.firefox": 0.97836550454985094, "time_day_0": 0.97520242822160896, "time_day_3": 0.97076121847322794, "appLaunch__id__com.android.calendar": 0.93404850312775012, "appLaunch__id__com.sony.voyagent.mixs.launcher2": 0.89156028109463747, "appLaunch__id__com.google.android.gm": 0.85541231255654893, "appLaunch__id__com.sony.voyagent.mixs.packager": 0.60723399106599829, "notification__id__jp.co.yahoo.android.emg": 0.57541601897529859, "time_hour_16_0": 0.55161464438900265, "activity__id__tilting": 0.53814923288582106, "notification__id__jp.co.fusioncom.smartalk.android": 0.48548522705882824, "time_hour_9_16": 0.46490385322921607, "activity__id__still": 0.41918315897204944, "appLaunch__id__com.android.settings": 0.35515596223797058, "notification__id__jp.vviki.android.SysLoadLogger": 0.30244118609545523}, "6": {"activity__id__in_vehicle": 0.9998320072162229, "activity__id__on_foot": 0.99965928814448235, "appLaunch__id__other": 0.99949504104490083, "appLaunch__id__com.android.calendar": 0.99935828267630022, "location__place__2": 0.99839523736605562, "appLaunch__id__com.nianticproject.ingress": 0.99642995444617488, "appLaunch__id__com.google.android.wearable.app": 0.99479578058308238, "location__place__3": 0.9919831791934115, "location__place__20": 0.98987773481263042, "appLaunch__id__org.mozilla.firefox": 0.98772032903638785, "time_day_2": 0.97480628852508056, "appLaunch__id__com.google.android.gm": 0.97456159087992933, "appLaunch__id__com.android.vending": 0.97008280304331884, "location__place__0": 0.94926646239789225, "time_hour_9_16": 0.89313195562760328, "activity__id__tilting": 0.80933862579494786, "time_day_4": 0.78621148109184991, "bluetoothPaired__device__other": 0.77241289291003856, "appLaunch__id__com.android.chrome": 0.52771726596490087, "activity__id__still": 0.46626167812098696}, "7": {"appLaunch__id__com.google.android.wearable.app": 0.99942608241762776, "notification__id__com.google.android.gm": 0.99726181558303773, "time_day_6": 0.99688673753655821, "notification__id__com.nianticproject.ingress": 0.98183206498324993, "location__place__1": 0.98147795375056712, "notification__id__com.facebook.katana": 0.98069878581787528, "time_day_5": 0.97923077213379206, "notification__id__com.google.android.apps.inbox": 0.96545377599917992, "notification__id__com.sonyericsson.extras.liveware": 0.83941433612508953, "time_hour_9_16": 0.70908617702715893, "appLaunch__id__com.nianticproject.ingress": 0.48367801825902845,