{"k": {"0 : 0.327359915475": {"battery__health__Good": -0.11001254002843305, "activity__id__still": -0.065920620378723441, "location__place__0": -0.06491225262906565, "battery__plugged__Is plugged": -0.058609166591260892, "battery__type__USB port": -0.047915539401847757, "activity__id__tilting": -0.04518262632257581, "time_hour_18_0": -0.044864562901939332, "time_hour_12_18": -0.043343883253315618, "activity__id__in_vehicle": -0.040678506638704356, "notification__id__com.gunosy.android": -0.030215767370749304, "location__place__20": -0.026946109641911433, "location__place__1": -0.026894971053462211, "notification__id__com.google.android.gm": -0.023386662640848124, "time_day_1": -0.020869908218989826, "time_day_2": -0.020763070025379287, "time_hour_6_12": -0.020422466127735121, "time_day_4": -0.020385130307869009, "time_day_0": -0.018829992114037363, "time_day_3": -0.017780545725234194, "notification__id__com.newspicks": -0.015060249772108646}, "1 : 0.0764243601155": {"location__place__0": -0.075889923054438049, "location__place__20": 0.071710201743163504, "battery__type__USB port": -0.070405746929205371, "location__place__1": 0.067821364321678498, "battery__plugged__Is plugged": -0.055744380233425032, "time_hour_6_12": 0.046539889937470047, "time_hour_12_18": -0.045664207109926275, "activity__id__tilting": 0.035461844597814957, "notification__id__com.news.rssfeedreader": 0.034759471124330844, "notification__id__com.newspicks": 0.031733911467852156, "appLaunch__id__jp.gocro.smartnews.android": 0.031294039302463515, "notification__id__com.gunosy.android": 0.02998047879820586, "appLaunch__id__com.sony.tvsideview.phone": 0.028101278002093756, "notification__id__com.sony.tvsideview.phone": 0.026126049101026262, "activity__id__in_vehicle": 0.025735503302975332, "time_day_5": 0.021772547158900004, "time_hour_0_6": 0.020819985612706402, "time_day_6": 0.018813383655117911, "activity__id__in_bicycle": 0.0179862825740226, "notification__id__com.google.android.gm": 0.017141944990755855}, "2 : 0.0529170071943": {"time_hour_18_0": -0.21277012279964796, "time_hour_12_18": 0.12901543409951313, "activity__id__in_vehicle": 0.065745485273048049, "activity__id__tilting": 0.063014156806366836, "time_hour_6_12": 0.038718982369662931, "notification__id__com.gunosy.android": -0.031765491540631387, "activity__id__in_bicycle": 0.027049448604077084, "battery__health__Good": -0.025792484765923232, "appLaunch__id__jp.gocro.smartnews.android": 0.022954521591360494, "appLaunch__id__com.sony.tvsideview.phone": 0.020864616164854591, "location__place__20": 0.02078085844777338, "activity__id__on_foot": 0.019399087800675958, "notification__id__com.otolatte": -0.019104682587424499, "battery__type__USB port": 0.01771473292370741, "bluetoothSeen__device__other": 0.015557050284071805, "location__place__0": -0.014925665822081453, "notification__id__com.sony.tvsideview.phone": 0.013599159949464245, "appLaunch__id__com.gunosy.android": 0.012747151887780321, "time_day_3": -0.011513164370229661, "battery__type__AC charger": -0.011492442613151237}, "3 : 0.0419116482492": {"location__place__1": -0.092080234372243552, "battery__plugged__Is plugged": -0.071356473840844911, "activity__id__tilting": 0.065450365770564817, "time_hour_0_6": -0.064244332090344899, "activity__id__in_vehicle": 0.060363523110858429, "battery__type__AC charger": -0.056900715691710575, "location__place__0": 0.056510476206540962, "battery__health__Good": -0.05571686154344814, "time_hour_18_0": 0.038954119928361522, "notification__id__com.gunosy.android": 0.037829454895672798, "activity__id__still": 0.031089820624602003, "time_day_6": -0.030780448718899053, "time_day_5": -0.026018129541342364, "activity__id__in_bicycle": 0.025701905012732638, "activity__id__on_foot": 0.023112787925135218, "location__place__20": 0.021308062931252668, "appLaunch__id__com.sony.sensing.has.activitypug": -0.020100736363853285, "time_hour_12_18": -0.017313992443487521, "appLaunch__id__com.sony.activityengine.app.fusedvehicledetectorapp": -0.016652301043776942, "notification__id__com.newspicks": 0.015545058140948387}, "4 : 0.0354203149639": {"time_hour_12_18": 0.14319801600779045, "battery__plugged__Is plugged": -0.11082671521241656, "battery__type__USB port": -0.092029022478026426, "time_hour_6_12": -0.060900607705916647, "activity__id__in_vehicle": -0.05660148167992967, "notification__id__com.google.android.gm": 0.051296149060264043, "activity__id__tilting": -0.049725749352589686, "time_day_5": 0.038804264264545245, "battery__health__Good": 0.036495340966029508, "location__place__0": 0.03394450004872749, "notification__id__com.gunosy.android": 0.033538218563374682, "time_day_6": 0.026106118507310469, "time_day_4": 0.023180341791532728, "battery__type__AC charger": -0.018797692734390168, "appLaunch__id__com.sony.tvsideview.phone": -0.014704766290135262, "notification__id__com.sony.tvsideview.phone": -0.014184228112353708, "activity__id__in_bicycle": -0.013892557742251404, "activity__id__still": 0.012972224330056877, "time_day_3": 0.012956726414770761, "time_hour_18_0": 0.012277964718427029}}}